root	first	second	homographs	glosses	loan	flag	pollex
kū	40	7	2	to stand, to rise; to stop, to halt; to anchor, to park; to  ‖ stew			
wai	21	22	2	water, especially of fresh sources ‖ rare form of waiho (“to leave, deposit”)			
paʻa	12	18	1	solid; firm, fast, permanent			
hale	19	9	1	house, building; institution; lodge; station, hall; railroad			
maka	18	7	2	eye (organ); face; bud; beloved one; mesh of a net ‖ raw (undercooked)			
lua	9	15	2	two; second; double; duplicate; companion; a traditional Haw ‖ pit, hole; toilet			
lau	19	2	2	leaf; frond; greens ‖ many, numerous; four hundred			
kai	10	10	1	sea; seawater, the salt water of a sea or ocean; seaside, ar			
papa	16	4	2	board, lumber; flat surface, layer; foundation; storey (of a ‖ native-born; set close together; in unison; wafer; list, dir			
lele	7	12	1	to jump, leap, hop, skip; to fly; to swing, bounce; to burst			
hua	13	6	1	fruit; egg; seed, grain; result, effect			
ana	4	13	2	cave, cavern ‖ measurement; dimension; pattern, design; model, standard; me			
ʻai	4	13	1	food; in particular, any food that is not fish; ruler; score			
kaʻa	11	6	2	car (automobile); cart, buggy; vehicle; to roll, revolve; to ‖ to pay			
kō	13	3	2	sugar cane (Saccharum officinarum) ‖ to become pregnant; to come to pass, to succeed; to win in a			
kau	13	2	3	season; period of time, lifetime; semester, term; session ‖ to place, to put; to settle, to perch; to enact, to impose,  ‖ sacred chant; to chant			
lāʻau	7	8	1	tree, wood; medicine; wooden; medical			
hoa	15	0	2	friend, companion, associate, colleague, comrade, partner, m ‖ club (heavy stick for use as weapon or plaything); to club,			
kua	13	2	2	back; back; rear; burden; to carry on the back, as a child ‖ windward; to chop, chip, hack, dub, strike, cut out			
ʻōlelo	2	12	1	language, speech; word, term; statement; quotation, utteranc			
luna	12	2	2	top, upper ‖ boss, overseer, foreman, supervisor; any kind of official; c			
puʻu	12	2	1	any geological protuberance like hill, mound; pile, mass, bu			
hao	3	10	3	iron; general name for metal tools; a bit; brand (as on a ho ‖ robber; to scoop, pick up; to grasp, pillage, plunder ‖ any plant of the genus Rauvolfia			
wale	0	13	1	any bodily secretion or mucus including phlegm, saliva; any			
poʻo	6	7	1	head; summit; director			
moʻo	10	3	1	lizard, dragon, serpent			
kumu	13	0	1	teacher; basis, foundation; source, cause			
ahi	2	10	1	fire (oxidation reaction)			
ala	8	4	3	way, path, road ‖ to waken; awake; to arise, rise up ‖ alternative form of ale (“to swallow”)			
moe	4	8	1	to sleep; to lie down; to die; to ambush; to marry; to incub			
waha	8	4	2	mouth ‖ to carry on one's back			
ʻāina	0	11	1	land (earth; country; real estate)			
pō	5	6	1	night, period of darkness after the evening; day, cycle of 2			
hana	3	8	2	work, labor, job, employment, occupation, duty, activity, fu ‖ warm			
kahi	2	9	3	one, single; some ‖ to cut longitudinally; to scrape; to shave, to plane; to rub ‖ the place			
lima	5	6	1	five; fifth; hand (part of the body)			
au	6	4	1	era, period of time; current (water); movement; to flow; to			
kaua	1	9	1	a war, battle, army; to fight; to go to war			
moku	8	2	1	to be broken off, to be severed, to be amputated; fragment,			
hū	8	2	2	to rise, swell, inflate; to leaven; to leaven; to ferment; t ‖ to make a noise, roar, grunt; to call (out to); to hum, whis			
make	4	6	1	death; peril; to die; dead; to faint			
loa	0	9	1	distance, length; long, permanent			
ao	1	8	3	light; daylight; day; dawn ‖ world; earth ‖ cloud			
kia	6	3	4	pillar, post; mast, spar; nail, spike; snare, trap ‖ to focus on; to aim ‖ to steer ‖ deer			
pau	7	2	1	finished, done; destroyed; all			
ʻole	1	8	1	not, without, lacking; to deny; zero, nothing, nought, negat			
hā	7	2	3	four; fourth ‖ breath, life; to breathe ‖ stalk of a leaf; stalk of a leaf; any leaf of certain plants			
aliʻi	1	7	1	a hereditary rank of traditional chief; noble			
puni	3	5	2	surrounded, enclosed; controlled; overcome (by emotion) ‖ deceived, deluded; to believe a lie; completed, terminated;			
kē	4	4	1	complaint; critic; to protest; to criticize; The name of the			
lana	1	7	2	floating, buoyant, adrift; calm, still (water); to float, dr ‖ frog			
hele	2	6	1	to walk, move; to be mobile; to become			
holo	7	1	2	to go, run, slide, progress; to sail, ride, gallop; decided, ‖ decided, settled; a noose			
kiʻi	5	3	2	a picture, image, drawing, photograph, illustration; a statu ‖ to fetch, to get; to send for, to summon; to attack			
pale	6	2	2	headdress; cover; pad, lining ‖ to ward off; to protect			
kaha	7	1	3	to cut open, to slice lengthwise; to operate on; to scratch, ‖ place ‖ to soar; to swoop; to pass by; to bodysurf; to drive			
kahu	8	0	3	keeper, guardian, caretaker; an honored attendant; nurse; re ‖ to tend an oven fire; to build an oven fire; to burn, as lim ‖ to make an offering to a god			
ʻau	5	3	2	handle; staff; stem; stalk; shaft; bone (of lower arm or leg ‖ to swim, travel by sea; to jut out, project			
pōhaku	5	3	1	stone, rock, mineral; tablet; stony, rocky; stubborn; weight			
nui	0	7	1	plenty, a lot, size, dimension, number, area; group, before			
makua	4	3	1	elder; parent			
ʻula	1	6	3	red (color) ‖ sacredness; sacred; regal, royal ‖ blood			
wahine	0	7	1	woman, female; wife; queen; Mrs; female, feminine; to become			
koko	0	7	1	blood			
one	2	5	1	sand; silt			
hau	4	3	3	dew; ice, snow, frost; cool breeze; cool, cold; iced ‖ sea hibiscus, cottonwood hibiscus (Talipariti tiliaceum, syn ‖ to strike			
lole	3	4	1	to unfold, reverse; to skin, flay; to wear clothes; cloth, f			
heʻe	2	5	2	octopus ‖ to slide, to surf, to slip, to flee; to melt, to flow			
lawe	5	2	1	bearer; to transport, carry, take, bring; to undertake, to a			
ʻili	3	4	1	skin; peel, bark, rind; hide, leather; surface; a land divis			
kala	3	4	3	horn, spike, thorn; sharkskin; surgeonfish ‖ to proclaim, to announce; announcement, proclamation; town c ‖ to untie, to undo, to loosen; to separate; to free, to let g			
pua	3	4	1	flower; progeny, child; young (of fish, etc); arrow, dart; t			
kino	6	1	1	body; form; person, self; person; main portion; (of a ship)			
kā	6	1	3	to strike, hit, thrust, dash, hurl (especially with a quick  ‖ container; hanger ‖ czar			
hewa	0	7	1	mistake; sin; fault, guilt; wrong; sinful, wicked; guilty			
manu	5	2	1	bird (animal)			
pā	6	1	5	fence, wall, enclosure; pen, sty ‖ bareness, the state of being barren or infertile; infertilit ‖ mother-of-pearl ‖ lure esp. made from mother-of-pearl ‖ to touch, strike, hit (as by a stone), tag, affect; to reach			
akua	3	3	1	god (deity); any supernatural being, spirit, ghost, devil; i			
lā	2	4	4	sail; dorsal fin (of fish) ‖ sun, sun’s heat; sunny, solar ‖ day, cycle of 24 hours ‖ The name of the Latin script letter L/l.; each of the two cr			
hui	3	3	1	club, organization; company, firm; combination; cluster, bun			
hai	4	2	2	to offer, to sacrifice; offering, sacrifice ‖ to hire			
haku	6	0	3	lord, master, overseer, employer, owner, possessor, propriet ‖ core, lump, stone, coconut sponge; stone (of a fruit), seeds ‖ to compose, to invent, to put in order, to arrange; to braid			
lepo	1	5	1	soil, dirt; filth			
pahu	4	2	2	drum; box, chest, ark, case, coffin; barrel, keg; boxfish (f ‖ to push, to shove; to thrust, to hurl; to pierce; to bruise			
manamana	3	3	2	finger, toe ‖ branches; claws; rays			
lani	0	6	1	sky, heavens, firmament; heaven; air; majesty, very high chi			
koa	1	5	2	warrior; koa (tree) ‖ to be brave, military			
hōkū	6	0	1	star (luminous celestial body)			
pōʻai	5	1	1	to coil up; to encircle; to go around, to circulate; to orbi			
komo	4	2	1	entrance, entry; ring, thimble, tenon; to enter, go into, pe			
kea	1	5	1	white; clear			
keiki	5	1	1	child; offspring; boy; son; nephew; calf, colt, kid, cub; wo			
puka	3	3	1	hole, gate, doorway; a snare, a trap; to pass through and ou			
kuʻi	6	0	2	to pound, to strike; to jam in; to churn (of butter); to for ‖ to join, to unite; to stitch; to splice; conjoined, converge			
loko	4	2	1	pond, lake; interior, inside; interior (of an island); inlan			
pū	2	4	4	tree, cluster of several stalks; cluster, clump ‖ conch shell; any wind instrument ‖ gun, pistol ‖ pumpkin, squash; coil of hair; rope or string of a canoe or			
pala	6	0	1	to smear, to smudge; to daub, to blot; to coat			
haka	4	1	2	shelf, rack; perch, roost; platform ‖ hole, breach; vacancy; empty, vacant; full of holes			
piʻi	1	4	2	to travel inland, thus; to rise, to climb, to ascend; to tra ‖ alternative form of piʻipiʻi: curly; alternative form of pip			
manaʻo	3	2	1	thought, idea; meaning; concept; to think, to consider			
wā	2	3	2	to make noise, to roar; to talk a lot; to gossip ‖ time; time; time period, era; occasion; tense			
aʻa	4	1	2	root (of plant); vein of leaf; blood vessel incl. vein, arte ‖ to send greetings or love; hospitality			
lolo	3	2	1	brain; bone marrow; coconut heart or coconut apple, i.e. spo			
huna	4	1	2	particle, speck; crumb, scrap; small, minute; powdery ‖ hidden, secret			
ʻahā	4	1	1	four; four times			
ʻē	0	5	2	The name of the Latin script letter E/e. ‖ strange, different; previous			
ea	0	5	1	sovereignty, rule; air, breath; gas, vapor, fumes; life, lif			
kiaʻi	3	2	1	to guard, to watch over; to overlook; guard, watchman			
kiko	5	0	1	to peck; to dot, to mark; dot, point, speck; punctuation mar			
kī	3	2	4	ti (Cordyline fruticosa) ‖ to shoot; to aim; to squirt; to blow from the mouth, to spit ‖ key ‖ tea			
ū	3	2	2	breast; udder ‖ to drip; moist, soaked, oozing			
naʻau	4	1	1	guts, intestines; mind, heart			
olo	5	0	1	to rub back and forth, to grate; to saw			
ʻōpū	5	0	1	stomach, belly, womb; bladder; ventricle; maw; crop; gizzard			
honua	0	4	2	land; earth; world; basic, fundamental ‖ suddenly, abruptly and without reason			
puaʻa	0	4	1	pig, hog, swine; pork; a general name for any introduced qua			
waena	0	4	1	middle			
uli	0	4	2	having any dark color (blue, green, black, etc.); black and  ‖ to steer; steersman			
waʻa	1	3	1	canoe			
moa	2	2	1	chicken or similar fowl			
mana	1	3	2	mana (religious or spiritual power); power, authority; havin ‖ crotch, branch; crosspiece; branch (of a road, river, etc.);			
hiki	4	0	1	ability; can, be able to; to reach, arrive			
hānau	2	2	1	birth; offspring, child; to give birth; fertile			
hou	0	4	1	new (recently made or created); recent, to repeat; to thrust			
poepoe	0	4	1	round, rounded; compact, compressed; sphere, globe			
kui	3	1	1	to thread, to string together			
kuli	2	2	2	to be deaf (not hearing) ‖ knee			
mua	0	4	1	before, in front of, first, ahead, forward, in advance, futu			
keʻa	1	3	2	horizontal boom connecting two hulls or outriggers of a waʻa ‖ dart; to shoot with bow and arrow			
puna	1	3	5	spring (water source); coral, lime, plaster ‖ coral, lime, plaster; calcium ‖ section between joints or nodes, internodes ‖ cuttlebone ‖ spoon			
hala	0	4	2	sin; error; to sin; to err; to miss; to pass, elapse; to pas ‖ screw pine, pandanus (Pandanus tectorius)			
kanaka	1	3	1	man, human, human being; subject, retainer; a Hawaiian			
kani	2	2	1	cry, moan; crow (of a rooster); peal, jingle, tinkle (of bel			
kapa	3	1	1	rim, edge; tapa			
kaula	4	0	1	rope, cord, string; arc of a circle			
waiū	2	2	1	milk			
kālai	2	2	1	to carve			
palapala	1	3	1	printed patterns on kapa cloth; print or document (any offic			
leʻa	0	4	2	pleasing, delightful; pleased, delighted; happy, merry; joy, ‖ clearly, thoroughly; smoothly, successfully			
wili	3	1	1	to bore, to drill, to screw; to twist, to wring; to crank; t			
laʻa	3	1	1	sacred, holy, consecrated; bound under oath; in great troubl			
ulu	3	1	2	growth; grove; flock; to grow ‖ to inspire; to be possessed by a god			
mū	2	2	5	any destructive insect ‖ The name of the Latin script letter M/m. ‖ to gather together; captor of war prisoners to be made into  ‖ bigeye emperor bream (Monotaxis grandoculis) ‖ silent			
leo	3	1	1	voice; sound; command; verbal message; to speak; to make a s			
moana	3	1	2	ocean, sea; broad, wide ‖ consultation area for chiefs; campground			
noho	4	0	1	seat; chair, stool, pew; throne; saddle (of a horse); reign,			
paʻi	4	0	1	to hit; to slap, to spank; to clap; to print; to capture or			
ʻaha	4	0	3	meeting, gathering, assembly ‖ sennit (coconut husk fiber); cord of braided sennit, hair, e ‖ needlefish (any fish in the family Belonidae)			
makani	0	3	1	wind; ghost; to be windy; to blow			
aho	2	1	2	fishing line, cord ‖ breath; to breathe			
waiwai	1	2	1	to be rich			
ake	3	0	1	liver (organ of the body); to yearn for, desire			
hānai	0	3	1	foster child, adopted child; to feed, care for, provide for;			
kaʻi	1	2	1	to lead; to lift up and carry; to train, to coach; coach; on			
miki	2	1	2	to suck in; to shrink, to shrivel; to contract; to recede; t ‖ quick, prompt; lively, nimble; active, alert; speed; alertne			
pule	0	3	2	prayer, spell, blessing; church service; week; to pray; to w ‖ speckled			
mele	0	3	2	chant, song, poem; to sing, chant; to be merry ‖ to be yellow			
lewa	1	2	1	atmosphere; heaven, sky; air; space; wanderer; to float; to			
hiʻi	2	1	1	to hold or carry in the arms; to bear; to nurse			
hoe	2	1	1	oar; paddle; to row, to paddle; to propel, to start; to keep			
hope	1	2	1	back, rear, (of a vessel) aft; subsequent, next; younger; la			
hue	2	1	1	bottle gourd, Lagenaria siceraria; bottle gourd, Lagenaria s			
hulu	2	1	2	hair (the collection or mass of filaments growing from the s ‖ esteemed, precious; esteemed older relative			
pili	1	2	1	black speargrass (Heteropogon contortus); shingles (roof cov			
kolu	0	3	1	three; third			
kahua	3	0	1	foundation; base; platform (of a house); site; location; gro			
kaka	3	0	1	to rinse			
mai	1	2	1	don't Negative imperative followed by a verb			
kānāwai	0	3	1	code, law, statute, act; rule, commandment (also used in a r			
lei	2	1	1	lei, a wreath of flowers or leaves; necklace; child, carried			
like	0	3	1	like, alike, similar			
lalo	0	3	1	depth; lowness; low; downward			
kāne	1	2	1	male; man (adult male human); husband			
pipi	1	2	2	Pinctada radiata, Hawaiian pearl oyster ‖ cow; beef			
nīnau	2	1	1	question; to ask, inquire			
kio	3	0	3	to cheep, to chirp ‖ projection, protuberance ‖ worm snail			
koi	2	1	1	to urge			
ʻō	2	1	2	special planted stick for husking coconuts; pin, spear, any  ‖ The name of the Latin script letter O/o.			
ihu	0	3	1	nose (organ of the face); snout, trunk (of an elephant); bea			
kahiki	0	3	2	foreign country ‖ a type of banana common on the island of Maui			
kapu	0	3	3	taboo, prohibition; something sacred or holy, and thus prohi ‖ a tub ‖ a cap			
kūkulu	3	0	2	pillar, post; border, edge; horizon; cardinal point, compass ‖ to build, to construct; to put up, to erect; to found, to es			
hema	0	3	1	left (not right); south			
lālā	2	1	1	branch, bough; frond (of coconut); limb; timber (as of outri			
nānā	2	1	2	goat ‖ to look, observe			
pono	0	3	1	righteousness; morality, goodness, excellence; correct proce			
ʻino	0	3	1	hate, sin; storm; bad, wicked; foul, rotten, smelly, ugly, o			
luaʻi	1	2	1	vomit; eruption (from a volcano); to vomit; to erupt (as a v			
mahi	2	1	1	to cultivate, to farm; farm, plantation			
maʻa	3	0	1	custom, habit; sling (weapon); accustomed, familiar, experie			
ʻaiā	1	2	1	ungodly, godless; irreligious, inobservant, heedless of tabo			
niho	2	1	1	tooth; ivory; tusk; beak; claw			
uhi	2	1	3	yam (Dioscorea) ‖ covering, veil; solid-ink tattoo; tent; to cover, conceal, s ‖ large bluish-brown birthmark; oyster; mother-of-pearl shank;			
pani	3	0	1	to close, to shut; to block, to dam up; to replace or substi			
ʻuku	3	0	2	louse, flea (insect) ‖ small, tiny			
ʻōʻō	3	0	2	oo, the extinct members of the Moho genus of honeyeaters ‖ spade; digging stick			
ahu	2	0	1	heap, pile, mound; cairn, altar, shrine			
kula	1	1	4	field, pasture; plain, open country ‖ basket-like fish trap; container; source ‖ school ‖ gold; golden			
malu	1	1	1	shade; shelter, protection; control; peaceful, safe; reserve			
hiō	0	2	1	to lean			
hanu	2	0	1	breath; respiration; to breathe; to sniff; to inhale			
ʻeli	0	2	1	to dig			
haʻi	2	0	1	to break, to snap; break, fracture			
nalu	0	2	2	wave; surf; to form waves ‖ to ponder, to mull over; to meditate			
hōʻike	0	2	1	causative of ʻike (“to see”); to show, to display, to exhibi			
hina	1	1	2	gray hair ‖ to fall, to tumble; to slant			
poi	1	1	1	a porridge-like substance made from cooked and ground taro c			
hiʻu	1	1	1	fish tail			
aloha	0	2	1	love, compassion, affection, mercy, sympathy, pity, kindness			
kipa	0	2	2	to visit, to call ‖ to turn aside, to turn away from the direct path			
lawaiʻa	1	1	1	fisherman (person who attempts to catch fish); fishing (spor			
una	0	2	1	shell or carapace of a turtle made of conjoined scutes			
hoʻi	2	0	1	to return (go or come back); to enter			
hoʻoluʻu	1	1	1	to plunge or dip something in liquids, dyes, solutions etc			
liʻi	0	2	2	small, tiny ‖ short for aliʻi (“chief”)			
huki	2	0	1	any fit: convulsion, stroke, spasm; to pull, to tug; to reac			
huli	2	0	2	to turn; to reverse; to change one's manner or thought ‖ to seek, to search, to explore; search, investigation; study			
niu	0	2	2	coconut (fruit of coco palm) ‖ spinning, whirling			
hōʻaka	1	1	1	to provoke laughter			
ʻio	0	2	1	Hawaiian hawk (Buteo solitarius)			
hōʻole	2	0	1	to deny, to refuse, to reject; to prohibit; denial; refusal			
ʻalu	0	2	1	loose skin over the eyeball; ravine, cavity, dent; lines of			
iwi	2	0	1	bone; the hard inedible core below the flesh of the pandanus			
poʻohiwi	0	2	1	shoulder			
heʻenalu	0	2	1	surf			
wāwae	0	2	1	leg, foot			
hakahaka	0	2	1	vacancy; gap; blank space, blank; emaciated, thin, hollow			
kiki	1	1	1	plug; to sting			
alo	0	2	1	front (facing side); face; presence; face			
kilo	2	0	1	to watch, gaze; watch or observer, someone who watches or ob			
kiʻekiʻe	1	1	1	high, lofty; exalted, majestic; height (tallness); height (a			
koho	2	0	1	election; selection; choice, option; guess, estimate; to ele			
koʻa	2	0	1	coral			
lono	1	1	1	news, report, rumor			
puhi	0	2	1	eel			
wehi	0	2	1	decoration, ornament; to decorate			
kuene	1	1	1	steward; waiter; to lay out, to put in order, to supervise;			
kuhi	1	1	2	to point at; gesture ‖ to surmise, to infer; to suppose, to presume; to expect, to			
ʻēʻē	0	2	2	peculiar; contrary, opposite ‖ armpit			
hiamoe	0	2	1	sleep; to sleep			
kupuna	1	1	1	grandparent; ancestor			
palu	1	1	1	to lick			
kuʻu	2	0	1	to release, to let go; diminish, subside, settle			
luhi	0	2	2	burden, wearisome or tedious task; labor, work, pains, toil; ‖ person raised with devoted care; protégé; to care for, to at			
heu	0	2	1	down, fuzz; fine spines in sugarcane or cactus; bristle; spr			
hihi	0	2	1	to entangle, to intertwine; to intermingle; to creep, to spr			
pāpaʻi	1	1	1	crab			
kūlana	2	0	1	position, situation; site, patch; stance, attitude; conditio			
lehu	1	1	1	ash (of colour and substance); grey			
ola	0	2	1	existence; life; health; livelihood; exist; alive; healthy,			
ʻauhau	0	2	1	tribute; tax, tariff; to pay (tax or tribute)			
kūʻē	2	0	1	to oppose; to resist			
lae	2	0	2	forehead ‖ headland, cape, point, peninsula			
lauhala	1	1	1	A screwpine leaf, especially when used in plaiting.			
konakona	0	2	1	rough, uneven; muscled, muscular			
ʻulu	1	1	1	breadfruit			
ua	0	2	1	rain (condensed water from a cloud); to rain			
ʻākau	0	2	1	right (not left); north			
liu	0	2	1	bilgewater, leakage; to leak			
lulu	2	0	1	calm, peace; shelter; safe place; shield			
lāhui	2	0	1	race, nation, tribe, people, nationality; to assemble, gathe			
kole	0	2	1	raw, inflamed, red			
momi	1	1	1	pearl; spherical lens of a fish's eye			
manawa	2	0	1	affections, feelings, disposition; heart (seat of emotions);			
ʻiʻo	0	2	3	flesh; meat; flesh and blood; muscle; essence, substance ‖ true, genuine ‖ grain of wood; positive			
mea	2	0	2	thing, object; person; one (given a descriptor) ‖ reddish (as water full of red soil)			
ʻoi	1	1	1	sharp; acute; sharpness; sharp			
ʻuhane	0	2	1	soul, spirit; ghost; spiritual			
moʻa	2	0	1	cooked; burned by the sun; made brittle by heat; cooked food			
awa	0	2	2	channel, passage; port, harbor, cove ‖ milkfish			
pio	0	2	3	extinguished; gone from sight, disappeared (as of a ship at  ‖ conquered, captured; to play tag; captive, prisoner; tag ‖ peep, peeping; to peep, to chirp; to whistle with the finger			
omo	2	0	1	suck; absorb			
pana	2	0	1	bow; weapon; to shoot; to snap; to flip			
pūpū	1	1	3	bunch, tuft, bundle (as of grass); bouquet; to be bundled up ‖ shell (marine or land), beads ‖ snail; appetizer, canapé, hors d'oeuvre, relish; to eat a pū			
ʻaina	0	2	2	meal ‖ passive of ʻai (“eat”)			
pāpale	2	0	1	hat, cap; crest; to wear a hat; to overshadow			
ʻele	0	2	1	dark, black			
ʻahu	2	0	1	cape, shirt, coat, any upper garment; covering; mat			
ʻauina	2	0	1	slope, decline, descent; gradient			
ʻaʻa	2	0	2	clothlike sheath on the bottom of a coconut leaf frond; fibe ‖ to brave, challenge, defy; to venture; to accept a challenge			
ʻohā	2	0	1	taro corm growing from the older root; offspring, youngster			
ʻoki	2	0	1	to cut; to separate			
akamai	0	1	1	intelligence, wit; intelligent, smart, clever			
māmā	0	1	1	lightness, state of little weight; ease, state of low effort			
anawaena	1	0	1	diameter			
ani	1	0	1	to blow softly (as a breeze); to beckon; wave			
mihi	0	1	1	repentance, remorse; to regret; to apologize for, be sorry a			
mākaʻi	0	1	1	to inspect, to police; police officer			
piʻo	0	1	1	bend, curve, arc; to arch (of a rainbow)			
pāpaʻa	0	1	2	cooked crisp, toasted; overdone, parched, burned; crust; sca ‖ slice (of bread); clod (of dirt)			
hamo	1	0	1	to rub (on); to besmear, to spread; to anoint; to stroke, to			
pia	0	1	3	Polynesian arrowroot (Tacca leontopetaloides); starch from a ‖ beer ‖ stork			
ʻoli	0	1	1	joy, happiness, pleasure; happy, joyful, gay			
inoa	0	1	1	name; term; title; ellipsis of mele inoa (“name chant”)			
heihei	1	0	1	race (test of speed); to race			
helu	1	0	2	number; issue of a publication; list, directory; to count ‖ to scratch (the earth), to paw; to dig with the fingers			
mālolo	0	1	1	flying fish; fickle person who leaps from mate to mate			
hanauna	0	1	1	generation; ancestry			
paio	0	1	1	to fight, to quarrel; to contend; fight, quarrel, argument,			
holoholo	1	0	1	to go for a walk, ride, or sail; to go out for pleasure, str			
lio	0	1	1	horse			
hono	1	0	1	harbor; bay			
ʻāʻī	0	1	1	neck			
hoʻohala	1	0	1	causative of hala (“to sin”); to lead astray; to fail to do;			
hoʻokolo	1	0	1	to make crawl; to track, to trace (to a source); tracking			
hoʻolei	1	0	1	to throw, cast, send			
hoʻomana	1	0	2	to place into a position of authority, to put in power; to w ‖ callous			
hāʻule	0	1	1	to fall (from a height); to lose; to forget, to neglect; def			
lili	0	1	1	jealous; sensitive to criticism; jealousy; mental anguish at			
noni	0	1	1	A Polynesian tree with fruits traditionally used as medicine			
ʻale	0	1	1	wave, billow; to ripple, to stir; to well			
huhu	1	0	1	termite (a wood boring insect); worm-eaten; rotten			
ʻiʻiwi	0	1	1	iiwi, scarlet honeycreeper			
ʻānai	0	1	1	to rub, to scrub, to grind; rubbing, scrubbing; friction; to			
huʻahuʻa	1	0	1	foam, froth			
nana	0	1	1	Lānaʻi form of ulana (“to plait”)			
ipu	0	1	1	bottle gourd (Lagenaria siceraria); watermelon (Citrullus la			
hāliʻi	1	0	1	cover; to cover, to spread			
neʻe	0	1	1	to creep, to move gradually; to squirm			
hāʻawi	1	0	1	grant, deal; to give, grant; to offer, to bid; to deal; to s			
hē	1	0	2	caterpillar (insect) ‖ grave (excavation for burial); The name of the Latin script			
naʻi	0	1	2	to conquer, take by force; conqueror ‖ to strive to obtain, understand or examine			
ʻaeʻa	0	1	1	to wander			
hōʻoia	1	0	1	to confirm, to affirm, to certify			
pona	0	1	1	node of bamboo or sugarcanes; joint of bones, fingers			
eʻe	0	1	1	to get on, to board; to climb on, to mount; to log on; step			
malolo	0	1	1	low; resting, paused; rest, pause			
kuʻina	0	1	2	punch, blow; peal (of thunder) ‖ joint, seam; junction; connection; front			
kapuahi	1	0	1	fireplace, hearth; stove, furnace, heater; forge, fire for h			
kaulana	1	0	1	to be famous			
liʻiliʻi	0	1	1	little, few			
mokuʻāina	0	1	1	state, district, province; island			
pākū	0	1	1	partition, screen, curtain; shield, defense			
maloʻo	0	1	1	dry; dryness			
oki	0	1	1	to finish; to stop			
huakaʻi	0	1	1	trip, journey			
kao	0	1	2	fishspear, javelin; dart; stingray spike; skyrocket, firebra ‖ goat			
kini	1	0	7	a multitude; forty thousand ‖ a king, as in cards ‖ kin, relative ‖ gin (alcoholic beverage) ‖ tin; a tin can or pail ‖ the best marble in a game of marbles ‖ zinc			
pōpō	0	1	1	ball, wad; loaf (of bread); bunch, cluster (of flowers etc);			
akalau	0	1	1	The ghost of a living person.			
wailua	0	1	1	ghost, spirit; remains of the dead			
kipi	1	0	2	to dig with a sharp tool ‖ to plot or conspire against; to revolt, to rebel, to rise up			
ʻoniʻoni	0	1	1	to go or move back and forth, to wiggle, to jiggle, to wag;			
lipi	0	1	1	adze, chisel; any sharp edge or blade; taper; ridge of a mou			
koʻokoʻo	1	0	1	cane; staff; rod; support; prop; means of livelihood			
mauna	0	1	1	mountain			
kuamoʻo	1	0	1	alternative form of iwi kuamoʻo (“backbone, genealogy”); cla			
kukui	1	0	1	Aleurites moluccana, the candlenut tree and fruit; torch, li			
alakaʻi	0	1	1	to lead, to guide, to direct; guide, conductor; leader, dire			
hoʻōla	0	1	1	salvation; healer; savior, saviour; to save, to heal, to cur			
kūʻai	0	1	1	to barter			
lipo	0	1	1	deep sea, cavern or forest; blue-black; depth, darkness, dim			
kālele	1	0	1	to lean upon; to trust			
muku	0	1	1	cut short, shortened; cut off, amputated; ended, over; short			
kāmaʻa	1	0	1	sandal, slipper; shoe, boot			
nā	0	1	1	calm, quieted; soothed, pacified; settled			
wauke	0	1	1	The paper mulberry, Broussonetia papyifera, used to make kap			
kāwili	1	0	1	to snare			
mau	0	1	1	always, perpetual; to continue			
ʻōnaha	0	1	1	stooped, bent over; bowlegged; pigeon-toed; bent, curved; cr			
hanahana	0	1	1	hot, warm; vehement			
kōhi	1	0	2	to break or split something off with a blade, such as a shov ‖ to gather; to fill up; to heal			
iʻa	0	1	1	fish (vertebrate animal); any marine animal (including cetac			
kolo	0	1	1	to crawl; to grumble; to drag, to tow			
leʻaleʻa	0	1	1	to have a good time; fun			
welo	0	1	1	to flutter, to wave (of flags)			
ʻieʻie	0	1	1	any member of the species Freycinetia arborea of woody climb			
emi	0	1	1	to diminish, to reduce, to decrease, to become smaller; chea			
hea	0	1	3	to call; to name ‖ misty, smoky, obscure ‖ where			
hepa	0	1	1	idiot, imbecile			
kapakahi	0	1	1	one-sided, crooked, lopsided, sideways, bent, askew; biased;			
kaʻawale	0	1	1	to separate; to isolate, to reserve; to withdraw; separate,			
kūkā	1	0	1	to consult, to confer, to deliberate, to discuss			
kūlou	1	0	1	to bow			
nae	0	1	2	shortness of breath; to be short of breath; to pant ‖ fragrance; fragrant, sweet-smelling; fine-meshed fishing net			
nihi	0	1	1	Lānaʻi form of lihi (“edge”)			
ākea	0	1	1	wide, broad; spacious; public; liberal; width, breadth			
ʻehu	0	1	2	spray, foam, mist, seaspray; dust, dusty; pollen ‖ reddish tinge in hair (only of Polynesians); reddish-brown c			
lapu	1	0	1	ghost; phantom, apparition; haunted; to haunt			
lama	0	1	3	torch; light, lamp ‖ any endemic tree of the genus Diospyros, the Hawaiian ebonie ‖ rum; any intoxicating drink			
lawa	1	0	1	sufficiency, abundance, plenty			
hāuli	0	1	1	blackish; bruise			
pali	0	1	1	cliff, precipice			
ʻōpeʻapeʻa	0	1	1	Lasiurus semotus, a Hawaiian bat (endemic to the Hawaiian Is			
ikaika	0	1	1	strength; to become strong; to be strong			
maikaʻi	0	1	1	goodness, wellness; good looking; to be well, fine, in a sta			
uila	0	1	1	lightning; electricity; electric			
hūnā	0	1	1	to hide, to conceal; to disguise; confidential			
paʻahao	0	1	1	prisoner; imprisoned			
pele	0	1	1	volcano			
kahiko	0	1	1	old, traditional, ancient; old person			
ʻohana	0	1	2	family, relatives, kin group; ohana ‖ to gather for family prayers			
maha	1	0	2	temple ‖ rest, repose; at ease, comfortable, resting			
mahele	1	0	1	division, section; portion, installment; denominator; to div			
mahina	1	0	1	moon; month			
aniani	0	1	2	state of clarity, transparency; glass, mirror; clear, transp ‖ to be cool, to be refreshing; to blow softly			
luku	0	1	1	to destroy, to devastate; to massacre, to slaughter; destruc			
nahele	0	1	1	forest, bush; vegetation			
pouli	0	1	1	darkness; ignorance; eclipse			
makaʻu	1	0	1	fear; danger; to fear, be afraid			
ʻana	0	1	1	A rough, sandpapery substance (pumice or Leiodermatium spong			
kōlea	0	1	1	Pacific golden plover			
hālō	0	1	1	to peer, to peep			
helekū	0	1	1	to walk upright			
huhū	0	1	1	anger; to be offended, angry			
lahi	0	1	1	thinness, frailty			
maʻawe	1	0	1	thread, fiber, strand; trace, track, tread, path, line			
paʻakai	0	1	1	salt			
wī	0	1	3	famine; squeak; any high shrill sound; to squeal, tinkle ‖ Spondias dulcis, ambarella or Otaheite apple ‖ The name of the Latin script letter V/v.			
luʻu	0	1	1	to dive, plunge or dip onself, to immerse; to duck i.e. to l			
māhu	0	1	1	steam, vapor; steam			
wāhi	0	1	1	to split			
mona	1	0	1	fat (specialized animal tissue); fat (carrying a larger than			
kūʻauhau	0	1	1	genealogy; pedigree, lineage; genealogist, historian; to rec			
muli	1	0	1	after, afterward, by and by; behind, following behind; follo			
nene	1	0	1	to stir, to move			
noa	1	0	1	release from taboo restrictions; a commoner; free of taboo,			
nuku	1	0	2	snout, beak, mouth. ‖ to scold, to rave, to rant, to grumble.; to nag.			
ʻā	0	1	2	fire, burning; aa lava; to burn ‖ to drive (animals); to dare (someone to do something); booby			
paepae	1	0	1	platform; pavement; prop, support; to support, to hold up; t			
pae	1	0	2	to come ashore, to land; to immigrate; to catch a wave; wash ‖ row; cluster, group; bank; chain, range; stage, level, rank;			
paka	1	0	5	to strain out impurities; to criticize constructively; carti ‖ butter; curds ‖ bugger ‖ tobacco ‖ the sound of raindrops falling			
palai	1	0	2	Any member of the species Microlepia setosa of native ferns  ‖ to fry; frying; fried			
loli	0	1	2	sea cucumber (holothurian) ‖ to turn; to alter, to change; to influence			
pane	1	0	1	answer; to answer, reply			
hola	0	1	2	to spread ‖ time, hour			
pāʻina	0	1	1	meal; dinner; small dinner party; to eat a pāʻina			
ʻakahi	0	1	1	one			
kikī	0	1	1	to flow swiftly; to spout, to spurt			
ono	0	1	1	six; sixth; wahoo (Acanthocybium solandri)			
pāʻele	0	1	1	to blacken, to blot, to paint black			
kāhili	0	1	1	feather standard mounted on a pole, as traditionally used in			
kīkī	0	1	2	to shoot; to spout ‖ A bird resembling the plover.			
piha	1	0	1	fullness, completion; full, filled; complete; full-blooded (			
poke	1	0	1	section, slice, piece, part, portion; to slice, to cut cross			
ʻina	0	1	1	small sea urchin			
kepa	0	1	1	to look sideways, to turn to the side; to notch; to snap; to			
hoʻomaha	0	1	1	to pause, to rest; to take a vacation; to retire; intermissi			
ʻulaʻula	0	1	1	red (color); gold (metal, color)			
ʻōpala	0	1	1	trash, garbage, rubbish			
leoleo	0	1	1	to speak loudly or vociferously			
nini	0	1	2	to pour; to spill; to apply ointment; balm, ointment ‖ fence, line of stones			
pī	1	0	1	stinginess; The name of the Latin script letter P/p.; stingy			
hapalua	0	1	1	half, half-dollar; two portions			
lōʻihi	0	1	1	length, distance; height; long; tall			
ʻaono	0	1	1	six; six times			
ama	0	1	1	outrigger float			
haukaʻe	0	1	1	to stain, to smear; stained, smeared, defaced, defiled			
haumia	0	1	1	pollution; defilement; to be defiled, to be polluted (i with			
keʻokeʻo	0	1	1	white (color); muslin; white, clear			
lenalena	0	1	1	orange-hued yellow (color)			
hakuhaku	0	1	2	lumpy ‖ to fold			
ʻaleʻale	0	1	1	ripple; rippling, stirring; full to the brim			
ʻauʻau	0	1	1	to swim; to bathe			
ʻeleʻele	0	1	1	black (color); branched string lettuce (Ulva prolifera); bla			
ʻōhiʻa	0	1	1	mountain apple or Malay apple; Syzygium malaccense; Metrosid			
wana	1	0	1	A sea urchin with long spines, such as the long-spined sea u			
ō	1	0	1	food, provisions, rations			
aina	0	1	1	coition			
inu	0	1	1	a drink; to drink			
ahupuaʻa	0	1	1	a wedge-shaped land subdivision of ancient Hawaii which exte			
ʻaka	1	0	1	to laugh			
henehene	0	1	1	to mock, tease, laugh at			
ʻalohi	1	0	1	to shine, glimmer or glister; splendor, brilliancy			
ʻano	1	0	1	kind, type; nature, character; mood, personality; color; som			
ʻike	1	0	1	sight; knowledge; to see; to know			
ʻohi	1	0	1	to harvest, gather or pick			
kulaʻi	0	1	1	to push over; to overthrow; to shove; to push to one side			
ʻoia	1	0	1	truth; to be true			
ʻoihana	1	0	1	occupation, trade, job; employment, career, service; industr			
ʻou	1	0	1	to reach out for			
ʻuala	1	0	1	sweet potato			
koholā	0	1	1	humpback whale			
aʻo	0	1	1	instruction; to teach, learn			
ʻōhaʻi	0	1	1	imperfectly healed			
ʻūpā	1	0	1	to open and close the mouth in eating, speaking etc; to chew			
