name	grid	pairs	lexicon	deg5	dealt	stallRate	stuck	linked	repeatRate	seenFrac
jukugo (reference)	9x8	65	1649	1539	10/10	0.001	0.002	0.509	0.101	0.501
attested-W	9x8	0	106	11	0/10	0	0	0	0	0
attested-W	8x6	0	106	11	0/10	0	0	0	0	0
attested-W	7x5	0	106	11	0/10	0	0	0	0	0
attested-W	6x4	0	106	11	0/10	0	0	0	0	0
attested-WA	9x8	0	128	21	0/10	0	0	0	0	0
attested-WA	8x6	0	128	21	0/10	0	0	0	0	0
attested-WA	7x5	30	128	21	1/10	0.569	0.526	0.539	0.422	0.5
attested-WA	6x4	22	128	21	10/10	0.494	0.409	0.363	0.424	0.493
attested-WA+hoʻo	9x8	65	243	138	10/10	0.038	0.035	0.897	0.072	0.683
attested-WA+hoʻo	8x6	44	243	138	10/10	0.038	0.035	0.904	0.064	0.637
attested-WA+hoʻo	7x5	32	243	138	10/10	0.039	0.038	0.905	0.06	0.635
attested-WA+hoʻo	6x4	22	243	138	10/10	0.049	0.044	0.911	0.057	0.598
core-35pct-r0	9x8	65	399	174	10/10	0.165	0.143	0.553	0.257	0.66
core-35pct-r0	8x6	44	399	174	10/10	0.188	0.162	0.523	0.257	0.618
core-35pct-r0	7x5	32	399	174	10/10	0.248	0.198	0.44	0.243	0.575
core-35pct-r0	6x4	22	399	174	10/10	0.219	0.179	0.428	0.254	0.548
core-35pct-r1	9x8	65	399	178	10/10	0.165	0.154	0.534	0.244	0.693
core-35pct-r1	8x6	44	399	178	10/10	0.196	0.173	0.494	0.256	0.63
core-35pct-r1	7x5	32	399	178	10/10	0.244	0.208	0.43	0.265	0.591
core-35pct-r1	6x4	22	399	178	10/10	0.288	0.23	0.373	0.258	0.55
core-60pct-r0	9x8	65	594	359	10/10	0.078	0.071	0.57	0.185	0.664
core-60pct-r0	8x6	44	594	359	10/10	0.09	0.079	0.542	0.187	0.619
core-60pct-r0	7x5	32	594	359	10/10	0.094	0.086	0.475	0.186	0.582
core-60pct-r0	6x4	22	594	359	10/10	0.105	0.087	0.46	0.187	0.569
core-60pct-r1	9x8	65	594	357	10/10	0.077	0.071	0.568	0.181	0.664
core-60pct-r1	8x6	44	594	357	10/10	0.103	0.088	0.532	0.185	0.619
core-60pct-r1	7x5	32	594	357	10/10	0.157	0.134	0.455	0.2	0.573
core-60pct-r1	6x4	22	594	357	10/10	0.185	0.147	0.409	0.19	0.546
core-morph	9x8	65	905	669	10/10	0.031	0.027	0.575	0.121	0.61
core-morph	8x6	44	905	669	10/10	0.032	0.028	0.54	0.129	0.574
core-morph	7x5	32	905	669	10/10	0.03	0.028	0.49	0.137	0.554
core-morph	6x4	22	905	669	10/10	0.065	0.057	0.438	0.138	0.522
attested-WA, distant duplicates allowed	8x6	0	128	21	0/10	0	0	0	0	0
core-35pct-r0, distant duplicates allowed	8x6	44	399	174	10/10	0.16	0.14	0.555	0.249	0.596
core-60pct-r0, distant duplicates allowed	8x6	44	594	359	10/10	0.077	0.065	0.547	0.186	0.602
