word	parts	gain	rank	solo_core2	solo_S6	core2_after	rank_core2	rank_rep	consensus	root_a_words	root_b_words	gloss_a	gloss_b	hawwiki_uses	flags	andrews_1922
huamele	hua + mele#0	2.333	1	5	2.333	57	1	1	3	13	3	fruit; egg; seed, grain; result, effect	chant, song, poem; to sing, chant; to be merry	23		huamele [Hua, letter, and mele, to sing.]
kuanui	kua#0 + nui	2.333	2	2	2.333	59	15	15	3	12	7	back; back; rear; burden; to carry on the back, as	plenty, a lot, size, dimension, number, area; grou	0		kuanui [Kua, back, and nul, great.]
paʻahana	paʻa + hana#0	2.333	3	3	2.333	62	5	13	3	12	8	solid; firm, fast, permanent	work, labor, job, employment, occupation, duty, ac	12		paahana [Paa, steadfastly, and hana, to work.]
kūhewa	kū#0 + hewa	2.333	4	3	2.333	65	6	5	3	40	7	to stand, to rise; to stop, to halt; to anchor, to	mistake; sin; fault, guilt; wrong; sinful, wicked;	1	homograph root: sense unresolved	kuhewa [Ku, to be hit, and hewa, wrongly or unwittingly.]
kūmaka	kū#0 + maka#0	2.333	5	2	2.333	67	14	9	3	40	6	to stand, to rise; to stop, to halt; to anchor, to	eye (organ); face; bud; beloved one; mesh of a net	2	homograph root: sense unresolved	kumaka [Ku, to be hit, and maka, the eye.]
kumupuaʻa	kumu + puaʻa	2.167	6	3	2.167	70	7	4	3	13	4	teacher; basis, foundation; source, cause	pig, hog, swine; pork; a general name for any intr	0		kumupuaa [Kumu, flock, and puaa, a pig.]
makapaʻa	maka#0 + paʻa	2.167	7	3	2.167	73	25	107	2	18	18	eye (organ); face; bud; beloved one; mesh of a net	solid; firm, fast, permanent	0		makapaa [Maka, eyes, and paa, fast.]
manaʻopaʻa	manaʻo + paʻa	2.167	8	2	2.167	75	16	22	3	3	18	thought, idea; meaning; concept; to think, to cons	solid; firm, fast, permanent	2		manaopaa [Manao, thought, and paa, firm.]
lokowai	loko + wai#0	2.000	9	3	2.000	78	8	8	3	4	22	pond, lake; interior, inside; interior (of an isla	water, especially of fresh sources	0		lokowai [Loko, pond, and wai, water.]
laulele	lau#0 + lele	2.000	10	2	2.000	80	29	14	3	17	12	leaf; frond; greens	to jump, leap, hop, skip; to fly; to swing, bounce	0		laulele [Lau, leaf, and lele, to spring.]
makapō	maka#0 + pō	1.833	11	5	2.000	83	2	3	3	18	6	eye (organ); face; bud; beloved one; mesh of a net	night, period of darkness after the evening; day, 	1		makapo [Maka, eye, and po, darkness.]
wailele	wai#0 + lele	1.833	12	2	2.000	84	34	33	3	21	12	water, especially of fresh sources	to jump, leap, hop, skip; to fly; to swing, bounce	8		wailele [Wai, water, and lele, to jump; to fly.]
kualana	kua#0 + lana#0	1.833	13	1	2.000	85	28	26	3	12	7	back; back; rear; burden; to carry on the back, as	floating, buoyant, adrift; calm, still (water); to	0		kualana [Kua, the back, and lana, floating.]
hōkūlele	hōkū + lele	1.833	14	4	2.000	88	3	2	3	6	12	star (luminous celestial body)	to jump, leap, hop, skip; to fly; to swing, bounce	0		hokulele [Hoku, a star, and lele, to fly; literally, a flying star.]
waikai	wai#0 + kai	1.833	15	1	1.833	89	27	92	2	21	10	water, especially of fresh sources	sea; seawater, the salt water of a sea or ocean; s	1		waikai [Wai, water, and kai, sea.]
makawai	maka#0 + wai#0	1.833	16	3	2.000	90	30	181	2	18	22	eye (organ); face; bud; beloved one; mesh of a net	water, especially of fresh sources	0		makawai [Maka, eye, and wal, water.]
pauahi	pau + ahi	1.667	17	4	1.667	94	4	10	3	7	10	finished, done; destroyed; all	fire (oxidation reaction)	17		pauahi [Pau, all, and ahi, fire.]
wailana	wai#0 + lana#0	1.667	18	1	1.833	95	23	28	3	21	7	water, especially of fresh sources	floating, buoyant, adrift; calm, still (water); to	1		wailana [Wai, water, and lana, to float.]
huaʻai	hua + ʻai	1.667	19	4	2.333	97	18	6	3	13	13	fruit; egg; seed, grain; result, effect	food; in particular, any food that is not fish; ru	3	Wiktionary writes it as two words	huaai [Hua, fruit, and al, to eat.]
hualele	hua + lele	1.833	20	4	2.333	98	22	19	3	13	12	fruit; egg; seed, grain; result, effect	to jump, leap, hop, skip; to fly; to swing, bounce	0		hualele [Hua, seed, and lele, to fly.]
kumuea	kumu + ea	1.667	21	1	1.500	99	36	27	3	13	5	teacher; basis, foundation; source, cause	sovereignty, rule; air, breath; gas, vapor, fumes;	0		kumuea [Kumu, handle, and ea, tortoise shell.]
paʻahihi	paʻa + hihi	1.667	22	1	1.500	100	31	38	3	12	2	solid; firm, fast, permanent	to entangle, to intertwine; to intermingle; to cre	0		paahihi [Paa and hlhl, to spread out.]
hōkūao	hōkū + ao#0	1.500	23	3	1.000	102	19	11	3	6	6	star (luminous celestial body)	light; daylight; day; dawn	1		hokuao [Hoku, star, and ao, light.]
puʻulele	puʻu + lele	1.500	24	3	2.000	104	17	7	3	12	12	any geological protuberance like hill, mound; pile	to jump, leap, hop, skip; to fly; to swing, bounce	0		puulele [Puu, a swelling, and lele, to fly.]
kumukūʻai	kumu + kūʻai	1.500	25	1	1.167	105	37	154	2	13	1	teacher; basis, foundation; source, cause	to barter	38		kumukuai [Kumu, price, and kuai, to buy.]
mokukaua	moku + kaua	1.500	26	1	1.667	106	33	51	3	8	9	to be broken off, to be severed, to be amputated; 	a war, battle, army; to fight; to go to war	6		mokukaua [Moku, ship, and kaua, war.]
mokumāhu	moku + māhu	1.500	27	1	1.667	107	35	82	2	8	1	to be broken off, to be severed, to be amputated; 	steam, vapor; steam	0		mokumahu [Moku, boat, and mahu, steam.]
hōkūloa	hōkū + loa	1.500	28	3	1.333	108	26	29	3	6	9	star (luminous celestial body)	distance, length; long, permanent	5		hokuloa [Hoku and loa, great.]
akeloa	ake + loa	1.667	29	3	1.333	111	9	23	3	3	9	liver (organ of the body); to yearn for, desire	distance, length; long, permanent	0		akeloa [Ake, liver and loa, long.]
waiea	wai#0 + ea	1.500	30	1	1.333	112	32	36	3	21	5	water, especially of fresh sources	sovereignty, rule; air, breath; gas, vapor, fumes;	0		waiea [Wai, water,! and ea, breath or life.]
kūkala	kū#0 + kala#0	1.333	31	2	2.167	114	20	12	3	40	3	to stand, to rise; to stop, to halt; to anchor, to	horn, spike, thorn; sharkskin; surgeonfish	3	homograph root: sense unresolved	kukala [Ku, to stand, and kala, to call out.]
kualāʻau	kua#0 + lāʻau	1.333	32	1	1.667	115	24	18	3	12	8	back; back; rear; burden; to carry on the back, as	tree, wood; medicine; wooden; medical	5	homograph root: sense unresolved	kualaau [Kua, to hew, and laau, wood.]
pālāʻau	pā#0 + lāʻau	1.333	33	3	1.333	118	10	20	3	4	8	fence, wall, enclosure; pen, sty	tree, wood; medicine; wooden; medical	0		palaau [Pa, fence, and laau, timber.]
helewale	hele + wale	1.667	34	3	1.000	122	11	21	3	2	13	to walk, move; to be mobile; to become	any bodily secretion or mucus including phlegm, sa	0		helewale [Hele, to go, and wale, in the condition one is in naturally. See wale.
huamoa	hua + moa	1.333	35	3	1.333	123	38	126	2	13	2	fruit; egg; seed, grain; result, effect	chicken or similar fowl	13		huamoa [Hua, egg, and moa, a fowl.]
anaʻāina	ana#1 + ʻāina	1.333	36	1	1.667	124	39	17	3	4	11	measurement; dimension; pattern, design; model, st	land (earth; country; real estate)	1		anaaina [Ana, to measure, and aina, land.]
hōkūʻaeʻa	hōkū + ʻaeʻa	1.333	37	3	1.000	125	40	32	3	6	1	star (luminous celestial body)	to wander	0	Wiktionary writes it as two words	hokuaea [Hoku, star, and aea, wandering.]
kūea	kū#0 + ea	1.167	38	1	1.833	126	55	30	3	40	5	to stand, to rise; to stop, to halt; to anchor, to	sovereignty, rule; air, breath; gas, vapor, fumes;	0	homograph root: sense unresolved	kuea [Ku, a rising, and ea, dust raised by the wind.]
makamua	maka#0 + mua	1.167	39	3	1.000	127	41	254	2	18	4	eye (organ); face; bud; beloved one; mesh of a net	before, in front of, first, ahead, forward, in adv	22	homograph root: sense unresolved	makamua [Maka and mua, the first; the beginning.]
makaluku	maka#0 + luku	1.500	40	3	1.000	128	42	238	2	18	1	eye (organ); face; bud; beloved one; mesh of a net	to destroy, to devastate; to massacre, to slaughte	1		makaluku [Maka, face, and luku, slaughter.]
kūhao	kū#0 + hao#0	1.167	41	1	2.000	129	63	16	2	40	8	to stand, to rise; to stop, to halt; to anchor, to	iron; general name for metal tools; a bit; brand (	0	homograph root: sense unresolved	kuhao [Ku, to stand, and hao, firm, tight.]
huaʻole	hua + ʻole	1.167	42	3	1.333	130	43	110	2	13	8	fruit; egg; seed, grain; result, effect	not, without, lacking; to deny; zero, nothing, nou	1		huaole [Hua, fruit, and ole, to be not.]
laukī	lau#0 + kī#0	1.167	43	1	1.000	131	44	196	2	17	1	leaf; frond; greens	ti (Cordyline fruticosa)	1	homograph root: sense unresolved	lauki [Lau, leaf, and ki, the ti plant.]
lauala	lau#0 + ala#0	1.500	44	1	1.000	132	45	224	2	17	3	leaf; frond; greens	way, path, road	0	homograph root: sense unresolved	lauala [Lau, leaves, and ala, rising.]
lauhiʻu	lau#0 + hiʻu	1.833	45	1	1.000	133	46	47	3	17	1	leaf; frond; greens	fish tail	0		lauhiu [Lau, a leaf, ka, article, and hiu, the tail of a fish.]
kuʻihewa	kuʻi#0 + hewa	1.167	46	3	1.333	134	48	42	3	5	7	to pound, to strike; to jam in; to churn (of butte	mistake; sin; fault, guilt; wrong; sinful, wicked;	0		kuihewa [Kul, to strike, and hewa, wrong.]
kuʻiʻai	kuʻi#0 + ʻai	1.333	47	2	1.333	135	49	43	3	5	13	to pound, to strike; to jam in; to churn (of butte	food; in particular, any food that is not fish; ru	0		kuiai [Kul, to pound, and ai, food.]
kuhihewa	kuhi#1 + hewa	1.167	48	3	1.000	136	50	50	3	1	7	to surmise, to infer; to suppose, to presume; to e	mistake; sin; fault, guilt; wrong; sinful, wicked;	2		kuhihewa [Kuhi, infer, and hewa, wrong.]
makehewa	make + hewa	1.333	49	3	1.000	137	51	52	3	4	7	death; peril; to die; dead; to faint	mistake; sin; fault, guilt; wrong; sinful, wicked;	0		makehewa [Make and hewa, wrong.]
wahahewa	waha#0 + hewa	1.667	50	3	1.000	138	52	54	3	8	7	mouth	mistake; sin; fault, guilt; wrong; sinful, wicked;	0		wahahewa [Waha, mouth, and hewa, wicked,]
wahapaʻa	waha#0 + paʻa	1.333	51	1	1.333	140	53	55	3	8	18	mouth	solid; firm, fast, permanent	0		wahapaa [Waha, mouth, and paa.]
makewale	make + wale	1.167	52	3	1.000	141	57	53	3	4	13	death; peril; to die; dead; to faint	any bodily secretion or mucus including phlegm, sa	0		makewale [Make, death, and wale, without cause.]
hanawale	hana#0 + wale	1.333	53	3	1.000	142	58	111	2	3	13	work, labor, job, employment, occupation, duty, ac	any bodily secretion or mucus including phlegm, sa	2	homograph root: sense unresolved	hanawale [Hana and wale, only.]
hikiwale	hiki + wale	1.667	54	3	1.000	143	59	69	2	4	13	ability; can, be able to; to reach, arrive	any bodily secretion or mucus including phlegm, sa	2		hikiwale [Hiki and wale, merely.]
uluwale	ulu#0 + wale	1.667	55	3	1.000	144	60	171	2	3	13	growth; grove; flock; to grow	any bodily secretion or mucus including phlegm, sa	2		uluwale [Ulu, to grow, and wale, of itself.]
kuawehi	kua#0 + wehi	1.333	56	1	1.333	146	62	160	1	12	2	back; back; rear; burden; to carry on the back, as	decoration, ornament; to decorate	0		kuawehi [Kua, back, and wehi, a dark color.]
kūpuni	kū#0 + puni#0	1.167	57	1	2.000	147	56	31	3	40	5	to stand, to rise; to stop, to halt; to anchor, to	surrounded, enclosed; controlled; overcome (by emo	0	homograph root: sense unresolved	kupuni [Ku, to stand, and puni, around.]
hauʻole	hau#0 + ʻole	1.167	58	3	1.000	150	47	108	2	4	8	dew; ice, snow, frost; cool breeze; cool, cold; ic	not, without, lacking; to deny; zero, nothing, nou	0		hauole [Hau, frost, dew, etc., and ole, not.]
makaʻole	maka#0 + ʻole	1.167	59	3	1.000	151	68	109	1	18	8	eye (organ); face; bud; beloved one; mesh of a net	not, without, lacking; to deny; zero, nothing, nou	0		makaole [Maka, eye, edge, and ole, the eye teeth.]
paupū	pau + pū#0	1.167	60	3	1.333	152	64	35	2	7	3	finished, done; destroyed; all	tree, cluster of several stalks; cluster, clump	0	homograph root: sense unresolved	paupu [Pau, all and pu, together,]
