word	form	stone_a	stone_b	gloss	field	evidence	verdict	pe_check
aholoa	aholoa	aho#1	loa	patient; long-suffering	naʻau	A*	keep-pending	confirmed
ahonui	ahonui	aho#1	nui	patience; patient endurance	naʻau	A*	keep	
ahupuaʻa	ahupuaʻa	ahu	puaʻa	land division, mountains to sea	ʻāina	W+A	keep	
akeakamai	akeakamai	ake	akamai	seeker of knowledge; philosopher	naʻau	W+A	keep	
akeloa	akeloa	ake	loa	spleen	kanaka	A*	keep-pending	confirmed
akemāmā	akemāmā	ake	māmā	lungs	kanaka	W+A	keep	
alahaka	alahaka	ala#0	haka#0	ladder; rough path over chasms	hele	A*	keep	
alahao	alahao	ala#0	hao#0	railroad, railway	hele	W	keep	
alakaʻi	alakaʻi	ala#0	kaʻi	to lead, guide; leader	hele	A	keep	
alaloa	alaloa	ala#0	loa	highway; main road around island	hele	W	keep	
alanui	alanui	ala#0	nui	road, street, highway	hele	W+A	keep	
alapiʻi	alapiʻi	ala#0	piʻi#0	stairs, ladder, ascent	hele	A*	keep-pending	confirmed
alawai	alawai	ala#0	wai#0	channel; canal	hele	W	keep-pending	confirmed
alaʻula	alaula	ala#0	ʻula?alaʻula	dawn light; sunset glow	lani	A*	keep-pending	confirmed
aliʻiwahine	aliʻi wahine	aliʻi	wahine	woman chief; princess or queen	kanaka	A*	keep-pending	confirmed
anamanaʻo	anamanaʻo	ana#1	manaʻo	survey, poll	naʻau	W	keep	
anapuni	anapuni	ana#1	puni#0	circumference, perimeter	hele	W	keep	
anawaena	anawaena	ana#1	waena	diameter	hele	W+A	keep	
anaʻāina	ana ʻāina	ana#1	ʻāina	land surveying; to survey land	ʻāina	A*	keep-pending	confirmed
aouli	aouli	ao#2	uli#0	firmament, the blue sky	lani	W	keep	
aumiki	aumiki	au	miki#0	outgoing current; rip current	kai	W+A	keep	
aumoe	aumoe	au?aumoe	moe	midnight, late night	hele	A	keep-pending	confirmed
auwaʻa	ʻau waʻa	ʻau#group	waʻa	fleet of canoes	hana	A*	keep-pending	confirmed
aʻakoko	aʻa koko	aʻa#0	koko	blood vessel, vein	kanaka	A*	keep-pending	fix (ruling open)
aʻalele	aʻalele	aʻa#0	lele	artery	kanaka	A*	keep-pending	fix
aʻalolo	aʻalolo	aʻa#0	lolo	nerve	kanaka	A*	keep-pending	confirmed
haipule	haipule	hai#0	pule#0	devout, religious; to worship	naʻau	A*	keep-pending	confirmed
hakakau	hakakau	haka#0	kau#1	rack; to perch on slender footing	hana	A*	keep-pending	fix
hakamoa	hākā moa	haka?hakamoa	moa	one-leg wrestling game; cockfighting	kanaka	A*	keep-pending	fix
hakuhale	haku hale	haku#0	hale	master or owner of a house	kanaka	A*	keep-pending	confirmed
hakumele	haku mele	haku#2	mele#0	to compose songs; a composer	naʻau	A*	keep	
hakuwahine	haku wahine	haku#0	wahine	female head; wife of a chief	kanaka	A*	keep-pending	confirmed
hakuʻāina	hakuʻāina	haku#0	ʻāina	land steward under a chief	kanaka	A*	keep-pending	fix
hakuʻōlelo	haku ʻōlelo	haku#2	ʻōlelo	one who composes words; a writer	naʻau	A*	keep-pending	confirmed
halealiʻi	hale aliʻi	hale	aliʻi	chief's house; palace	hana	A*	keep	
halekaua	hale kaua	hale	kaua	fort; fortification	hana	A*	keep-pending	confirmed
halekaʻa	hale kaʻa	hale	kaʻa#0	carriage house; garage	hana	A*	keep-pending	confirmed
halekia	hale kia	hale	kia#0	pillared porch; veranda	hana	A*	keep-pending	confirmed
halelana	hale lana	hale	lana#0	the ark; a floating house	hana	A*	keep-pending	fix
halelewa	halelewa	hale	lewa	portable house; tent	hana	A*	keep-pending	confirmed
halelole	hale lole	hale	lole	tent	hana	A*	keep-pending	confirmed
halelāʻau	hale lāʻau	hale	lāʻau	wooden house, not thatched	hana	A*	keep-pending	confirmed
halemalu	hale malu	hale	malu	shaded house; shed	hana	A*	keep-pending	confirmed
halemoe	hale moe	hale	moe	sleeping house	hana	A*	keep-pending	confirmed
halemākaʻi	hale mākaʻi	hale	mākaʻi	police station	hana	W	keep	
halepiʻo	hale piʻo	hale	piʻo	house framed with bent poles	hana	A*	keep-pending	confirmed
halepule	hale pule	hale	pule#0	church; house of worship	hana	A*	keep	
hamoʻula	hamoʻula	hamo	ʻula#0	red-stained tapa; red dye	hana	A*	keep-pending	confirmed
hanamana	hana mana	hana#0	mana#0	miracle; a work of the gods	naʻau	A*	keep	
hanupaʻa	hanu paʻa	hanu	paʻa	a head cold; catarrh	kanaka	A*	keep-pending	confirmed
haowaha	hao waha	hao#0	waha#0	bridle bit	hana	A*	keep-pending	confirmed
haupia	haupia	hau#0	pia#0	pudding of coconut cream and starch	ulu	W	keep-pending	confirmed
hauʻeli	hauʻeli	hau#0	ʻeli	a salt dug from cave rocks	ʻāina	A*	keep-pending	confirmed
hauʻoli	hauʻoli	hau#mood	ʻoli	happy, glad; joy	naʻau	W	keep-pending	confirmed
helekū	helekū	hele	kū#0	to walk upright	hele	W	keep-pending	confirmed
heʻenalu	heʻe nalu	heʻe#1	nalu#0	surfing; to ride a surfboard	kai	W+A	keep	
hikilele	hikilele	hiki?hikilele	lele	startled; to jump with fright	naʻau	A*	keep-pending	confirmed
hikimoe	hikimoe	hiki	moe	the west, where sun sets (poetic)	lani	A*	keep-pending	confirmed
hiʻilani	hiʻilani	hiʻi	lani	to exalt, praise, admire	naʻau	A*	keep-pending	confirmed
hiʻipoi	hiʻipoi	hiʻi	poi?hiʻipoi	to tend and cherish	kanaka	A*	keep-pending	confirmed
hoaaloha	hoaaloha	hoa#0	aloha	friend	kanaka	A*	keep	fix (ruling open)
hoahana	hoa hana	hoa#0	hana#0	fellow worker; helper	hana	A*	keep	
hoahanauna	hoa hanauna	hoa#0	hanauna	relatives of one's own people	kanaka	A*	keep-pending	fix
hoahele	hoa hele	hoa#0	hele	fellow traveler	hele	A*	keep-pending	confirmed
hoahānau	hoahānau	hoa#0	hānau	cousin; kinsman of one's generation	kanaka	A*	keep	
hoakaua	hoa kaua	hoa#0	kaua	fellow soldier; adversary in war	kanaka	A*	keep-pending	confirmed
hoakoa	hoakoa	hoa#0	koa#1	fellow soldier	kanaka	A*	keep-pending	confirmed
hoalawaiʻa	hoalawaiʻa	hoa#0	lawaiʻa	fellow fisherman	kai	A*	keep-pending	unconfirmed
hoapaio	hoa paio	hoa#0	paio	opponent, adversary	kanaka	A*	keep	
hoaʻai	hoa ʻai	hoa#0	ʻai	table companion; guest at a meal	ulu	A*	keep-pending	confirmed
hoaʻāina	hoaʻāina	hoa#0	ʻāina	native tenant; tiller of the land	ʻāina	A*	keep	
hoaʻōlelo	hoa ʻōlelo	hoa#0	ʻōlelo	conversation partner; counsellor	naʻau	A*	keep-pending	confirmed
hoeuli	hoe uli	hoe	uli#1	steering paddle	hana	A*	keep	
hoewaʻa	hoe waʻa	hoe	waʻa	to paddle a canoe; paddler	hana	A*	keep-pending	confirmed
holokai	holokai	holo#0	kai	seafarer; seafaring	kai	A*	keep	
hololio	holo lio	holo#0	lio	horseback riding; horse rider	hele	A*	keep	
holomoku	holomoku	holo#0	moku	sailor; to sail on a ship	hele	A*	keep	
holowaʻa	holowaʻa	holo?holowaʻa	waʻa	trough; chest; oblong box	hana	A*	keep-pending	confirmed
holoʻai	holo ʻai	holo#bundle	ʻai	bundle of baked food	ulu	A*	keep-pending	confirmed
hopepoʻo	hope poʻo	hope	poʻo	deputy or associate head	kanaka	A*	keep-pending	confirmed
hoʻihope	hoʻi hope	hoʻi	hope	to turn back, retreat	hele	A*	keep-pending	confirmed
hualiʻi	hua liʻi	hua	liʻi#0	small fruit left after harvest	ulu	A*	keep-pending	confirmed
huamele	hua mele	hua#word	mele#0	musical note	naʻau	A*	keep-pending	confirmed
huamoa	hua moa	hua	moa	hen's egg	ulu	A*	keep	
huaʻai	hua ʻai	hua	ʻai	fruit, edible fruit	ulu	A*	keep-pending	confirmed
huaʻōlelo	huaʻōlelo	hua#word	ʻōlelo	word	naʻau	W	keep-pending	confirmed
huewai	hue wai	hue	wai#0	water gourd	hana	A*	keep	fix
hueʻili	hue ʻili	hue	ʻili	skin bottle	hana	A*	keep-pending	confirmed
huikala	huikala	hui	kala#2	forgiveness; to purify	naʻau	A*	keep	
hukiwai	huki wai	huki	wai#0	to draw water	hana	A*	keep-pending	confirmed
hulilua	huli lua	huli#0	lua#0	turning two ways; shifting	hele	A*	keep-pending	confirmed
huluʻiʻiwi	huluʻiʻiwi	hulu#0	ʻiʻiwi	ʻiʻiwi feathers, for cloaks	hana	A*	keep-pending	confirmed
hunakai	hunakai	huna#0	kai	sea foam; the sanderling	kai	A*	keep	fix
hunakaua	huna kaua	huna#0	kaua	a single fighter in an army	kanaka	A*	keep-pending	fix
hunawai	huna wai	huna#0	wai#0	drop of water; spray, mist	ʻāina	A*	keep-pending	confirmed
hāipu	hāipu	hā#2	ipu	gourd leaf stalk, used medicinally	ulu	A*	keep-pending	fix (ruling open)
hākō	hākō	hā#2	kō#0	sugar-cane leaf	ulu	A*	keep-pending	fix
hāliʻikuli	haliʻi kuli	hāliʻi	kuli#1	stingy; one who guards the food	naʻau	A*	keep-pending	fix
hānaukahi	hānau kahi	hānau	kahi#0	an only child	kanaka	A*	keep-pending	confirmed
hānaumua	hānau mua	hānau	mua	first-born child	kanaka	A*	keep-pending	confirmed
hāniu	hā niu	hā#2	niu#0	butt end of a coconut frond	ulu	A*	keep-pending	confirmed
hōkūao	hōkūao	hōkū	ao#0	Venus as the morning star	lani	A*	keep-pending	fix
hōkūhele	hōkū hele	hōkū	hele	planet	lani	A	keep	
hōkūlele	hōkū lele	hōkū	lele	meteor; shooting star	lani	A*	keep-pending	confirmed
hōkūloa	hōkūloa	hōkū	loa	Venus; the morning star	lani	A*	keep-pending	fix
hōkūnaʻi	hōkūnaʻi	hōkū	naʻi#0	asteroid	lani	W	keep	
hōkūʻaeʻa	hōkū ʻaeʻa	hōkū	ʻaeʻa	planet	lani	A*	keep	
hūkai	hūkai	hū#0	kai	brackish; tasteless	kai	A*	keep-pending	confirmed
hūlani	hūlani	hū#0	lani	to praise highly, exalt	naʻau	A*	keep-pending	confirmed
hūpuna	hūpuna	hū#0	puna#0	pool of overflowing spring water	ʻāina	A*	keep-pending	confirmed
iwikū	iwikū	iwi	kū#0	a bone of the lower leg	kanaka	A*	keep-pending	confirmed
iwipona	iwi pona	iwi	pona	a joint of the bones	kanaka	A*	keep-pending	fix
kahakai	kahakai	kaha#1	kai	seashore, beach	kai	A	keep	
kahaone	kahaone	kaha#1	one	sandy beach	kai	W	keep-pending	confirmed
kahapili	kahapili	kaha#0	pili	tangent to a circle	hele	A*	keep-pending	confirmed
kahapōʻai	kahapōʻai	kaha#0	pōʻai	circumference of a circle	hele	A*	keep-pending	confirmed
kahawai	kahawai	kaha?kahawai	wai#0	stream, creek; ravine, gulch	ʻāina	W+A	keep	
kahuahale	kahua hale	kahua	hale	house foundation; house site	hana	A*	keep-pending	confirmed
kahuahi	kahu ahi	kahu#0	ahi	fire tender; to tend a fire	hana	A*	keep-pending	confirmed
kahuakua	kahu akua	kahu#0	akua	keeper of a god; priest	naʻau	A*	keep-pending	confirmed
kahupuaʻa	kahu puaʻa	kahu#0	puaʻa	swineherd	hana	A*	keep-pending	confirmed
kahuwai	kahu wai	kahu#0	wai#0	overseer of water distribution	ʻāina	A*	keep-pending	confirmed
kahuʻāina	kahu ʻāina	kahu#0	ʻāina	steward of the land	ʻāina	A*	keep-pending	confirmed
kaiau	kai au	kai	au	sea where a current is visible	kai	A*	keep	
kaiea	kai ea	kai	ea	rising tide, washing high on land	kai	A*	keep	
kaieʻe	kai eʻe	kai	eʻe	tsunami; tidal wave	kai	A*	keep	
kaimalolo	kai malolo	kai	malolo	low tide; a calm, quiet sea	kai	A*	keep	
kaipiʻi	kai piʻi	kai	piʻi#0	high or rising tide	kai	A*	keep-pending	confirmed
kaiuli	kai uli	kai	uli#0	the deep blue sea	kai	A*	keep	
kaiʻau	kaiʻau	kai	ʻau#1	sea too deep to stand in	kai	A*	keep	fix
kakaʻōlelo	kākāʻōlelo	kaka?kakaʻōlelo	ʻōlelo	orator; counselor to a chief	naʻau	A*	keep-pending	confirmed
kalahala	kalahala	kala#2	hala#0	to pardon wrongdoing	naʻau	A*	keep-pending	confirmed
kalahale	kala hale	kala#gable	hale	gable end of a house	hana	A*	keep-pending	confirmed
kanakamakua	kanaka makua	kanaka	makua	adult, grown person	kanaka	A*	keep-pending	confirmed
kanikau	kanikau	kani	kau#2	dirge; lament for the dead	naʻau	W+A	keep	
kaniwāwae	kaniwāwae	kani	wāwae	foot soldier; infantry	kanaka	A*	keep-pending	confirmed
kapakahi	kapakahi	kapa	kahi#0	crooked, lopsided; one-sided	hele	W+A	keep	
kapakomo	kapa komo	kapa	komo	garment, clothing; a dress	hana	A*	keep-pending	confirmed
kaukahi	kaukahi	kau?kaukahi	kahi#0	single canoe; standing alone	hana	A*	keep-pending	confirmed
kaukānāwai	kau kānāwai	kau#1	kānāwai	to make laws; lawmaker	naʻau	A*	keep	
kaulahao	kaula hao	kaula	hao#0	chain	hana	A*	keep	fix
kaulalei	kaula lei	kaula	lei	cord for stringing a lei	hana	A*	keep-pending	confirmed
kaulawaha	kaula waha	kaula	waha#0	bridle; to rein in	hana	A*	keep-pending	confirmed
kaulike	kaulike	kau#1	like	fair, just; evenly balanced	naʻau	A*	keep	
kaulua	kaulua	kau?kaulua	lua#0	double canoe; a pair	hana	A*	keep-pending	confirmed
kaupale	kaupale	kau?kaupale	pale?kaupale	partition; dividing barrier	hana	A*	keep-pending	confirmed
kaʻahale	kaʻa hale	kaʻa#0	hale	covered carriage; house-like cart	hana	A*	keep-pending	fix
kaʻahele	kaʻahele	kaʻa#0	hele	to travel about, tour	hele	A*	keep	
kaʻakaua	kaʻa kaua	kaʻa#0	kaua	to maneuver forces in war	hele	A*	keep-pending	confirmed
kaʻalalo	kaʻalalo	kaʻa#0	lalo	to sail off the wind, leeward	hele	A*	keep-pending	confirmed
kaʻaluna	kaʻaluna	kaʻa#0	luna?kaʻaluna	to sail against the wind	hele	A*	keep-pending	confirmed
kaʻapuni	kaʻapuni	kaʻa#0	puni#0	to go around; to tour	hele	A*	keep	
keikikāne	keiki kāne	keiki	kāne	boy; son	kanaka	A*	keep	
keikipapa	keiki papa	keiki	papa#0	native-born on ancestral land	kanaka	A*	keep-pending	confirmed
kiaahi	kia ahi	kia#0	ahi	pillar of fire	lani	A*	keep-pending	confirmed
kiaao	kia ao	kia#0	ao#2	pillar of cloud	lani	A*	keep-pending	confirmed
kiakahi	kiakahi	kia#0	kahi#0	steadfast, of one purpose	naʻau	A*	keep-pending	confirmed
kiakolu	kia kolu	kia#0	kolu	three-masted ship	hana	A*	keep-pending	confirmed
kialua	kia lua	kia#0	lua#0	two-masted vessel; brig, schooner	hana	A*	keep-pending	confirmed
kiaʻipoʻo	kiaʻipoʻo	kiaʻi	poʻo	guard of the king's person	kanaka	A*	keep-pending	confirmed
kiaʻipuka	kiaʻi puka	kiaʻi	puka	gatekeeper, porter	kanaka	A*	keep-pending	confirmed
kiaʻipō	kiaʻi pō	kiaʻi	pō	night watch	hele	A*	keep-pending	confirmed
kiaʻāina	kiaʻāina	kia#0	ʻāina	governor; ruler of an island	kanaka	A*	keep	
kikokahi	kiko kahi	kiko	kahi#0	period (punctuation mark)	naʻau	A*	keep-pending	confirmed
kikolā	kikolā	kiko	lā#1	to keep a daily tally	hele	A*	keep-pending	fix
kikomoe	kiko moe	kiko	moe	hyphen	naʻau	A*	keep-pending	confirmed
kikonīnau	kiko nīnau	kiko	nīnau	question mark	naʻau	A*	keep	
kikowaena	kikowaena	kiko	waena	center; center of a circle	hele	A*	keep	
kiloheʻe	kilo heʻe	kilo	heʻe#0	searching the sea for octopus	kai	A*	keep-pending	confirmed
kinoea	kinoea	kino	ea	gas (state of matter)	lani	W	keep	
kinopaʻa	kinopaʻa	kino	paʻa	solid (state of matter)	ʻāina	W	keep	
kinowai	kinowai	kino	wai#0	liquid (state of matter)	ʻāina	W	keep	
kinowailua	kino wailua	kino	wailua	spirit or ghost of the dead	naʻau	A*	keep-pending	confirmed
kipikua	kipikua	kipi#0	kua#1	pickaxe	hana	A*	keep-pending	confirmed
kiʻipalapala	kiʻi palapala	kiʻi#0	palapala	picture; portrait	hana	A*	keep-pending	fix
kiʻipōhaku	kiʻi pōhaku	kiʻi#0	pōhaku	petroglyph; stone image	hana	A*	keep	
koikahi	koʻi kahi	koʻi	kahi#1	carpenter's plane	hana	A*	keep-pending	confirmed
koilipi	koʻi lipi	koʻi	lipi	axe	hana	A*	keep-pending	confirmed
komohale	komo hale	komo	hale	house-warming; dedicating a new house	hana	A*	keep-pending	confirmed
komoʻāina	komo ʻāina	komo	ʻāina	to enter upon inherited land	ʻāina	A*	keep-pending	confirmed
kuahao	kua hao	kua?kuahao	hao#0	blacksmith's anvil	hana	W	keep-pending	confirmed
kuamauna	kuamauna	kua#0	mauna	mountaintop zone	ʻāina	A*	keep-pending	confirmed
kuamoʻo	kuamoʻo	kua#0	moʻo	backbone; path; way, custom	kanaka	W+A	keep	
kuapapa	kuapapa	kua#1	papa#0	peace; quiet, untroubled	naʻau	A*	keep-pending	confirmed
kuapaʻa	kuapaʻa	kua#0	paʻa	hard-backed crab or mollusk	kai	A*	keep-pending	fix
kuapuʻu	kuapuʻu	kua#0	puʻu	hump, as of a camel	kanaka	W+A	keep	
kuaʻāina	kuaʻāina	kua#0	ʻāina	countryside, back country	ʻāina	W+A	keep	
kuenehale	kuenehale	kuene	hale	house framer; house-building craft	hana	A*	keep-pending	confirmed
kuhihewa	kuhi hewa	kuhi#1	hewa	to mistake, misjudge	naʻau	A*	keep-pending	confirmed
kuilua	kuʻi lua	kui?kuilua	lua#0	to double by adding on	hele	A*	keep-pending	confirmed
kulihiamoe	kuli hiamoe	kuli#0	hiamoe	to doze, too drowsy to hear	kanaka	A*	keep-pending	confirmed
kumukānāwai	kumukānāwai	kumu	kānāwai	constitution	naʻau	W	keep	
kumulau	kumulau	kumu	lau#0	sprouting stump; prolific source	ulu	A*	keep-pending	confirmed
kumulāʻau	kumulāʻau	kumu	lāʻau	tree	ulu	W	keep	
kumupaʻa	kumupaʻa	kumu	paʻa	firm foundation	naʻau	W+A	keep	
kumuwai	kumu wai	kumu	wai#0	spring; head of a stream	ʻāina	A*	keep-pending	confirmed
kupunawahine	kupuna wahine	kupuna	wahine	grandmother	kanaka	A*	keep-pending	confirmed
kuʻihao	kuʻi hao	kuʻi#0	hao#0	blacksmith; to forge iron	hana	W+A	keep	fix
kuʻikahi	kuʻikahi	kuʻi#1	kahi#0	treaty; peace, union	naʻau	A*	keep	
kuʻiʻai	kuʻi ʻai	kuʻi#0	ʻai	pounding poi; poi pounder	ulu	A*	keep-pending	confirmed
kālaipōhaku	kālai pōhaku	kālai	pōhaku	stone carving; stone carver	hana	A*	keep-pending	confirmed
kālaiʻāina	kālaiʻāina	kālai	ʻāina	politics; affairs of the land	kanaka	A*	keep	
kālāʻau	kālāʻau	kā#0	lāʻau	stick dance; striking sticks together	naʻau	A*	keep-pending	confirmed (ruling open)
kāmaʻaloa	kāmaʻa loa	kāmaʻa	loa	runners of a hōlua sled	hana	A*	keep-pending	confirmed
kānemake	kāne make	kāne	make	widowed (of a wife)	kanaka	A*	keep-pending	confirmed
kāwilimanu	kāwili manu	kāwili	manu	catching birds with bird lime	hana	A*	keep-pending	fix
kēʻai	kē ʻai	kē	ʻai	to fast	naʻau	A*	keep-pending	confirmed
kōhiʻai	kōhi ʻai	kōhi#0	ʻai	to dig food from the ground	ulu	A*	keep-pending	fix
kōkea	kō kea	kō#0	kea	a white sugar cane	ulu	A*	keep-pending	confirmed
kōpaʻa	kōpaʻa	kō#0	paʻa	sugar	ulu	W	keep	
kōʻula	kōʻula	kō#0	ʻula#0	a reddish sugar cane	ulu	A*	keep-pending	confirmed
kūemi	kūemi	kū#0	emi	to retreat, as from something feared	hele	A*	keep-pending	fix (ruling open)
kūhewa	kūhewa	kū?kūhewa	hewa	sudden; striking without warning	hele	A*	keep-pending	confirmed
kūkaha	kūkaha	kū#0	kaha?kūkaha	to stand sideways, making room	hele	A*	keep-pending	confirmed
kūkala	kūkala	kū#0	kala#1	to proclaim publicly, announce	naʻau	A*	keep	
kūkia	kūkia	kū#0	kia#0	to stand firm, steady in purpose	naʻau	A*	keep-pending	confirmed
kūkuluhema	kūkulu hema	kūkulu#0	hema	the south; the south point	lani	A*	keep-pending	confirmed
kūkulupapa	kūkulu papa	kūkulu#0	papa#0	to arrange in ranks; classify	hana	A*	keep-pending	confirmed
kūlehu	kūlehu	kū#0	lehu	to roast in hot ashes	ulu	A*	keep-pending	confirmed
kūloko	kūloko	kū?kūloko	loko	internal, domestic; of home affairs	kanaka	A*	keep-pending	confirmed
kūloupoʻo	kūlou poʻo	kūlou	poʻo	to dive in head first	hele	A*	keep-pending	confirmed
kūlālā	kūlālā	kū#0	lālā	plant grown from a cutting	ulu	A*	keep-pending	confirmed
kūmaka	kūmaka	kū?kūmaka	maka#0	known by sight; in plain view	naʻau	A*	keep-pending	confirmed
kūnihi	kūnihi	kū#0	nihi	set on edge; standing sideways	hele	A*	keep-pending	confirmed
kūnānā	kūnānā	kū#0	nānā#1	to stand and watch	naʻau	A*	keep-pending	fix
kūola	kūola	kū#0	ola	to come through danger unharmed	kanaka	A*	keep-pending	confirmed
kūpaʻa	kūpaʻa	kū#0	paʻa	steadfast, unshaken in purpose	naʻau	A*	keep	
kūpono	kūpono	kū#0	pono	upright, honest; proper, suitable	naʻau	A*	keep	
kūpuni	kūpuni	kū#0	puni#0	to stand around, surround	hele	A*	keep-pending	confirmed
kūʻai	kūʻai	kū#0	ʻai	to barter, trade; buy or sell	hana	W	keep-pending	confirmed
kūʻau	kūʻau	kū?kūʻau	ʻau#0	handle; tapa-beating mallet	hana	A*	keep-pending	confirmed
kūʻauhau	kūʻauhau	kū?kūʻauhau	ʻauhau	genealogy; genealogist	kanaka	W+A	keep-pending	confirmed
kūʻē	kūʻē	kū#0	ʻē#1	to oppose, resist, protest	naʻau	A	keep	
laelua	lae lua	lae#0	lua#0	projecting, prominent, as a ridge	ʻāina	A*	keep-pending	confirmed
lanaau	lanaau	lana#0	au	to drift with the current	hele	A*	keep-pending	confirmed
lauhala	lau hala	lau#0	hala#1	pandanus leaf, for plaiting	ulu	A	keep	
lauhoe	lauhoe	lau#0	hoe	blade of a paddle	hana	W	keep	
laukanaka	laukanaka	lau#1	kanaka	a populous place	kanaka	A*	keep-pending	confirmed
laukoa	lau koa	lau#0	koa#0	leaf of the koa tree	ulu	A*	keep-pending	fix
laukī	lau kī	lau#0	kī#0	ti leaf	ulu	A*	keep-pending	confirmed
laukō	lau kō	lau#0	kō#0	sugar cane leaf	ulu	A*	keep-pending	confirmed
laulama	laulama	lau#1	lama#0	many torches at night	lani	A*	keep-pending	confirmed
laulima	laulima	lau#1	lima	working together, many hands	hana	A*	keep	
laumake	laumake	lau#0	make	poisonous plant; dead leaf	ulu	A*	keep-pending	confirmed
laupapa	laupapa	lau#broad	papa#0	broad flat of reef or lava	ʻāina	A*	keep-pending	confirmed
lauwili	lauwili	lau#0	wili	whirling about; fickle, changeable	naʻau	A*	keep-pending	confirmed
lauʻulu	lau ʻulu	lau#0	ʻulu	breadfruit leaf	ulu	A*	keep-pending	confirmed
lawaiʻamanu	lawaiʻamanu	lawaiʻa	manu	bird catcher, fowler	hana	A*	keep-pending	confirmed
lawakua	lawakua	lawa#bind	kua#0	to bind fast on the back	hana	A*	keep-pending	confirmed
lawehala	lawehala	lawe	hala#0	wrongdoing, sin; to transgress	naʻau	A	keep	
lawehana	lawehana	lawe	hana#0	worker, laborer	hana	A*	keep-pending	confirmed
laweola	lawe ola	lawe	ola	manslaughter; taking life unintentionally	kanaka	A*	keep-pending	confirmed
laʻamake	laʻa make	laʻa#season	make	season when plants die back	hele	A*	keep-pending	confirmed
laʻaulu	laʻa ulu	laʻa#season	ulu#0	season when plants grow fast	hele	A*	keep-pending	confirmed
lehuahi	lehu ahi	lehu	ahi	ashes left by a fire	ʻāina	A*	keep	
leialiʻi	lei aliʻi	lei	aliʻi	crown; diadem; lei of a chief	hana	A*	keep-pending	confirmed
leihala	lei hala	lei	hala#1	lei of hala (pandanus) fruit	hana	A*	keep	
lelehuna	lelehuna	lele	huna#0	fine windblown spray or mist	lani	A*	keep	
lelepono	lele pono	lele	pono	to prosper; to fare well	naʻau	A*	keep-pending	confirmed
leopaʻa	leo paʻa	leo	paʻa	one whose voice is stopped	naʻau	A*	keep-pending	fix
leowaena	leo waena	leo	waena	middle voice in part-singing	naʻau	A*	keep-pending	confirmed
leowahine	leo wahine	leo	wahine	highest voice part; female voice	naʻau	A*	keep-pending	confirmed
lewalani	lewa lani	lewa	lani	highest stratum of the heavens	lani	A*	keep	
limahana	limahana	lima	hana#0	worker, employee; labor	hana	W	keep	
limahema	lima hema	lima	hema	left hand; left-handed	kanaka	A*	keep	
limakuhi	lima kuhi	lima	kuhi#0	index finger	kanaka	A*	keep	
limaʻākau	lima ʻākau	lima	ʻākau	right hand; right-hand man	kanaka	A*	keep	
lokomaikaʻi	lokomaikaʻi	loko	maikaʻi	kindness, generosity; good will	naʻau	W	keep	
lokowai	loko wai	loko	wai#0	freshwater pond	ʻāina	A*	keep	
lokoʻino	loko ʻino	loko	ʻino	unkindness; cruel disposition	naʻau	W+A	keep	fix
lolehana	lole hana	lole	hana#0	work clothes	hana	A*	keep-pending	confirmed
lolelua	lolelua	lole	lua#0	fickle; double-minded	naʻau	A*	keep-pending	confirmed
lolokaʻa	lolokaʻa	lolo	kaʻa#0	dizziness	kanaka	A*	keep-pending	confirmed
lolouila	lolo uila	lolo	uila	computer	hana	W	keep	fix
luapele	lua pele	lua#1	pele	volcano; volcanic crater	ʻāina	A*	keep	
luapō	luapō	lua#1	pō	the grave	ʻāina	A*	keep-pending	confirmed
lunahana	luna hana	luna#1	hana#0	work supervisor; foreman, boss	hana	A*	keep	
lunakahiko	lunakahiko	luna#1	kahiko	an elder; elderly man of standing	kanaka	A*	keep	
lunakaua	luna kaua	luna#1	kaua	war captain	kanaka	A*	keep-pending	confirmed
lunakiaʻi	luna kiaʻi	luna#1	kiaʻi	overseer; watchman	kanaka	A*	keep-pending	confirmed
lunakoa	luna koa	luna#1	koa#1	military officer	kanaka	A*	keep-pending	confirmed
lunakānāwai	luna kānāwai	luna#1	kānāwai	judge; magistrate	kanaka	A*	keep	
lunamanaʻo	lunamanaʻo	luna#1	manaʻo	conscience	naʻau	A*	keep	
lunaʻauhau	luna ʻauhau	luna#1	ʻauhau	tax collector	kanaka	A*	keep	
lunaʻohana	luna ʻohana	luna#1	ʻohana#0	head of a family	kanaka	A*	keep-pending	confirmed
lunaʻōlelo	lunaʻōlelo	luna#1	ʻōlelo	apostle; messenger, proclaimer	kanaka	A*	keep	
lāhana	lā hana	lā#1	hana#0	workday; a day's work	hana	A*	keep-pending	confirmed
lāhuikaua	lāhui kaua	lāhui	kaua	warriors; company of soldiers	kanaka	A*	keep-pending	unconfirmed
lāʻaukia	lāʻau kia	lāʻau	kia#0	bird-catcher's limed stick	hana	A*	keep-pending	confirmed
mahiʻai	mahi ʻai	mahi	ʻai	farmer; to farm	ulu	W+A	keep	fix
makaala	makaʻala	maka#0	ala?makaala	alert, vigilant, watchful	naʻau	A*	keep	
makahiamoe	maka hiamoe	maka#0	hiamoe	sleepy; to doze off	kanaka	A*	keep-pending	confirmed
makakoa	maka koa	maka#0	koa#1	bold, fearless	naʻau	A*	keep	
makaluku	makaluku	maka#0	luku	turned against one, for harm	naʻau	A*	keep-pending	confirmed
makamomi	maka momi	maka#0	momi	white speck in the eye	kanaka	A*	keep-pending	confirmed
makamua	maka mua	maka#0	mua	first; beginning	hele	A*	keep	
makanahele	makanahele	maka#0	nahele	wild, untamed	ʻāina	W+A	keep-pending	confirmed
makapaʻa	makapaʻa	maka#0	paʻa	blind; with closed eyes	kanaka	A*	keep-pending	fix
makapouli	makapōuli	maka#0	pouli	dizzy, faint	kanaka	A*	keep	
makapō	makapō	maka#0	pō	blind; a blind person	kanaka	A*	keep	
makawai	maka wai	maka#0	wai#0	watery-eyed	kanaka	A*	keep-pending	fix
makehewa	makehewa	make?makehewa	hewa	in vain; to no profit	naʻau	A*	keep-pending	confirmed
makewai	make wai	make	wai#0	thirst; thirsty	kanaka	A*	keep	
makuakāne	makua kāne	makua	kāne	father	kanaka	A*	keep	
makualiʻi	makualiʻi	makua	liʻi#1	patriarch; progenitor	kanaka	A*	keep-pending	confirmed
manawaʻino	manawa ʻino	manawa	ʻino	ill-natured, unfriendly	naʻau	A*	keep-pending	confirmed
manaʻolana	manaʻolana	manaʻo	lana#0	hope; to hope	naʻau	A	keep	
manaʻopaʻa	manaʻopaʻa	manaʻo	paʻa	resolve; firm purpose	naʻau	A*	keep-pending	confirmed
manaʻoʻiʻo	manaʻoʻiʻo	manaʻo	ʻiʻo#0	faith; to believe	naʻau	W+A	keep	
manuihu	manu ihu	manu	ihu	beak end-piece of a canoe	hana	A*	keep-pending	confirmed
maʻalahi	maʻalahi	maʻa	lahi	easy, simple	hana	W	keep-pending	confirmed
maʻaweʻula	maʻawe ʻula	maʻawe	ʻula#0	path worn down to red earth	hele	A*	keep-pending	confirmed
moamahi	moa mahi	moa	mahi	victorious fighting cock; any conqueror	lani	A*	keep-pending	confirmed
moanakai	moana kai	moana#0	kai	salt sea; salt lake	kai	A*	keep-pending	confirmed
moanawai	moana wai	moana#0	wai#0	a lake of fresh water	ʻāina	A*	keep-pending	confirmed
moehewa	moehewa	moe	hewa	to talk or walk in sleep	kanaka	W+A	keep	
moeone	moeone	moe	one	an earth-dwelling worm	ʻāina	A*	keep-pending	confirmed
moeʻino	moe ʻino	moe	ʻino	an unpleasant dream; uneasy sleep	naʻau	A*	keep-pending	confirmed
moeʻuhane	moeʻuhane	moe	ʻuhane	a dream; a vision	naʻau	A*	keep	
mokuhonua	mokuhonua	moku	honua#0	continent	ʻāina	W	keep	
mokukaua	moku kaua	moku	kaua	warship, man-of-war	hana	A*	keep	
mokulele	mokulele	moku	lele	airplane	hana	W	keep	
mokuluʻu	mokuluʻu	moku	luʻu	submarine	hana	W	keep-pending	confirmed
mokumāhu	mokumāhu	moku	māhu	steamship	hana	A*	keep-pending	confirmed
mokupuni	mokupuni	moku	puni#0	island	ʻāina	W+A	keep	
mokuʻāina	mokuʻāina	moku	ʻāina	state; district; island	ʻāina	W	keep	
monakō	monakō	mona	kō#0	glucose	ulu	W	keep-pending	confirmed
moʻamaka	moʻa maka	moʻa	maka#1	partly cooked	ulu	A*	keep-pending	confirmed
moʻoaliʻi	moʻo aliʻi	moʻo#line	aliʻi	genealogy of chiefs	kanaka	A*	keep-pending	confirmed
moʻokanaka	moʻo kanaka	moʻo#line	kanaka	genealogy; list of the people	kanaka	A*	keep-pending	fix
moʻokupuna	moʻo kupuna	moʻo#line	kupuna	line of ancestors; genealogy	kanaka	A*	keep-pending	confirmed
moʻokūʻauhau	moʻo kūʻauhau	moʻo#line	kūʻauhau	genealogy, line of descent	kanaka	A*	keep	fix
moʻolele	moʻo lele	moʻo	lele	flying serpent, dragon	lani	A*	keep-pending	fix
moʻoʻōlelo	moʻoʻōlelo	moʻo#line	ʻōlelo	history; tradition; connected narrative	naʻau	A*	keep-pending	confirmed
mulihope	muli hope	muli	hope	the last; youngest born	kanaka	A*	keep-pending	confirmed
naʻauao	naʻauao	naʻau	ao#0	wise, learned; wisdom	naʻau	W+A	keep	
naʻaulua	naʻau lua	naʻau	lua#0	undecided; of two minds	naʻau	A*	keep-pending	confirmed
naʻaupono	naʻau pono	naʻau	pono	upright, just	naʻau	A*	keep-pending	confirmed
naʻaupō	naʻaupō	naʻau	pō	ignorant; ignorance	naʻau	W+A	keep	
nohoaliʻi	noho aliʻi	noho	aliʻi	throne; reign	kanaka	A*	keep	
nukuwai	nuku wai	nuku#0	wai#0	mouth of a stream	ʻāina	A*	keep-pending	confirmed
nānāao	nānā ao	nānā#1	ao#2	one who reads the clouds	lani	A*	keep-pending	confirmed
nānāuli	nānā uli	nānā#1	uli#0	weather foreteller, sky watcher	lani	A*	keep-pending	confirmed
olokaʻa	ʻolokaʻa	olo?olokaʻa	kaʻa#0	to roll over and over	hele	A*	keep-pending	fix
omokoko	omo koko	omo	koko	a leech, a bloodsucker	kanaka	A*	keep-pending	confirmed
omoliu	omo liu	omo	liu	bilge pump; to pump bilge	hana	A*	keep-pending	confirmed
onehānau	one hānau	one	hānau	birthplace; native land	ʻāina	A*	keep	
oneʻā	one ʻā	one	ʻā#0	gunpowder	hana	A*	keep-pending	fix
pahukani	pahu kani	pahu#0	kani	drum; percussion instrument	naʻau	A*	keep-pending	confirmed
pahukapu	pahu kapu	pahu?pahukapu	kapu#0	kapu marker; consecrated place	naʻau	A*	keep-pending	confirmed
pahupalapala	pahu palapala	pahu#0	palapala	kapa-dye box; writing desk	hana	A*	keep-pending	confirmed
pakakahi	pakakahi	paka#4	kahi#0	scattered drops of light rain	lani	A*	keep-pending	fix (ruling open)
palaimaka	palai maka	palai#avert	maka#0	averted; to turn the face away	naʻau	A*	keep-pending	fix
palekai	pale kai	pale#1	kai	breakwater; a ship's railing	kai	A*	keep	
palekaua	pale kaua	pale#1	kaua	shield; defensive armor	hana	A*	keep-pending	confirmed
palekeiki	pale keiki	pale#1	keiki	midwife; to deliver a child	kanaka	A*	keep-pending	confirmed
palemaka	pale maka	pale#0	maka#0	veil; covering for the face	hana	A*	keep-pending	confirmed
paleuhi	pale uhi	pale#0	uhi#1	a covering; a veil	hana	A*	keep-pending	confirmed
panapoʻo	pana poʻo	pana	poʻo	scratch the head to remember	naʻau	A*	keep-pending	fix
panapua	pana pua	pana	pua	archer; to shoot arrows	hana	A*	keep-pending	confirmed
panepoʻo	panepoʻo	pane#head	poʻo	back of the head	kanaka	A*	keep-pending	fix
panipuka	pani puka	pani	puka	door; gate	hana	A*	keep-pending	confirmed
panipū	panipū	pani	pū#1	wad of a gun	hana	A*	keep-pending	confirmed
papahola	papahola	papa#0	hola#0	level court before a heiau	hana	A*	keep-pending	confirmed
papakea	papa kea	papa#0	kea	beach washed only at high tide	kai	A*	keep-pending	fix
papalalo	papa lalo	papa#0	lalo	lower floor of a house	hana	A*	keep-pending	confirmed
papamū	papamū	papa#0	mū#2	kōnane game board	hana	W	keep	
papapalapala	papa palapala	papa#0	palapala	writing table; writing desk	hana	A*	keep-pending	confirmed
papapāʻina	papa pāʻina	papa#0	pāʻina	eating table	hana	A*	keep-pending	confirmed
papapōhaku	papa pōhaku	papa#0	pōhaku	stone slab; slate	ʻāina	A*	keep-pending	confirmed
papawaena	papa waena	papa#0	waena	middle storey of a building	hana	A*	keep-pending	confirmed
papaʻaina	papa ʻaina	papa#0	ʻaina#0	dining table	hana	A*	keep-pending	confirmed
pauaho	pauaho	pau	aho#1	out of breath; disheartened	naʻau	W+A	keep	
paʻahana	paʻahana	paʻa	hana#0	industrious, hard-working	hana	A*	keep	
paʻahao	paʻahao	paʻa	hao#0	prisoner; imprisoned	kanaka	W+A	keep	
paʻakai	paʻakai	paʻa	kai	salt	kai	W+A	keep	
paʻakāhili	paʻa kāhili	paʻa	kāhili	kāhili bearer, a chief's attendant	kanaka	A*	keep	
paʻaluhi	paʻa luhi	paʻa	luhi#0	overcome with weariness	kanaka	A*	keep-pending	confirmed
paʻanaʻau	paʻanaʻau	paʻa	naʻau	memorized, known by heart	naʻau	W	keep	
paʻapū	paʻapū	paʻa	pū?paʻapū	dense, crowded; covered over	hele	W	keep-pending	confirmed
paʻawaha	paʻawaha	paʻa	waha#0	a bridle	hana	A*	keep-pending	fix
paʻaʻili	paʻaʻili	paʻa	ʻili	many-sided solid (geometry)	hele	A*	keep-pending	confirmed
paʻiaʻa	paʻi aʻa	paʻi?paʻiaʻa	aʻa#0	root system, rootlets	ulu	A*	keep-pending	confirmed
paʻikiʻi	paʻi kiʻi	paʻi	kiʻi#0	photograph; to take a picture	hana	W	keep	
paʻiʻai	paʻi ʻai	paʻi?paʻiʻai	ʻai	hand-pounded, undiluted taro	ulu	A*	keep-pending	confirmed
pihalima	piha lima	piha	lima	a handful	hele	A*	keep-pending	confirmed
pipiwai	pīpī wai	pipi#seep	wai#0	place where water oozes up	ʻāina	A*	keep-pending	fix
poʻohina	poʻo hina	poʻo	hina#0	gray-haired; gray with age	kanaka	A*	keep-pending	confirmed
poʻokepa	poʻo kepa	poʻo	kepa	hair cut lopsided in mourning	kanaka	A*	keep-pending	confirmed
poʻopaʻa	poʻopaʻa	poʻo	paʻa	stocky hawkfish, a reef fish	kai	A*	keep	
poʻowai	poʻo wai	poʻo	wai#0	headwaters; dam feeding an ʻauwai	ʻāina	A*	keep	fix
poʻoʻōlelo	poʻoʻōlelo	poʻo	ʻōlelo	title or text of a discourse	naʻau	A*	keep-pending	confirmed
puakala	pua kala	pua	kala#0	Hawaiian prickly poppy	ulu	A*	keep-pending	fix
puapoʻo	puapoʻo	pua	poʻo	comb or crest of a bird	lani	A*	keep-pending	confirmed
pukahale	puka hale	puka	hale	window or doorway of a house	hana	A*	keep-pending	confirmed
pukaihu	puka ihu	puka	ihu	nostril	kanaka	A*	keep-pending	fix
pukamakani	puka makani	puka	makani	window; opening for ventilation	hana	A*	keep-pending	confirmed
puʻukani	puʻukani	puʻu	kani	sweet-voiced; a singer	naʻau	W	keep	
puʻukaua	puʻukaua	puʻu	kaua	fortification; stronghold	hana	A*	keep-pending	confirmed
puʻukoko	puʻu koko	puʻu	koko	a clot of blood	kanaka	A*	keep-pending	fix
puʻuone	puʻu one	puʻu	one	mound of sand; sand berm	kai	A*	keep	fix
puʻuwai	puʻuwai	puʻu	wai#0	heart	kanaka	A	keep	
pākū	pākū	pā#0	kū#0	partition, screen, curtain	hana	A	keep	
pāleo	pāleo	pā#4	leo	to converse; to debate	naʻau	W+A	keep-pending	confirmed
pālāʻau	pā lāʻau	pā#0	lāʻau	stick fence; wooden fence	hana	A*	keep-pending	fix
pānini	pānini	pā#0	nini#1	cactus	ulu	W	keep-pending	confirmed
pāpalealiʻi	pāpale aliʻi	pāpale	aliʻi	crown; headdress of a king	hana	A*	keep-pending	confirmed
pīkai	pī kai	pī#sprinkle	kai	purify by sprinkling seawater	naʻau	A*	keep-pending	confirmed
pōhakuhele	pōhaku hele	pōhaku	hele	small crab with stone-like shell	kai	A*	keep-pending	confirmed
pōhakupaʻa	pōhaku paʻa	pōhaku	paʻa	hard stone, as for adzes	ʻāina	A*	keep	
pōʻailani	pōʻailani	pōʻai	lani	horizon	lani	W	keep	
pōʻailōʻihi	pōʻai lōʻihi	pōʻai	lōʻihi	oval; ellipse	hele	A*	keep-pending	confirmed
pōʻaipuni	pōʻai puni	pōʻai	puni#0	to travel all around	hele	A*	keep-pending	confirmed
pōʻaono	pōʻaono	pō	ʻaono	Saturday	hele	A*	keep	confirmed
pōʻele	pōʻele	pō	ʻele	black, dark; dark night	lani	A*	keep	
uhikino	uhikino	uhi#1	kino	body covering; shield; outer garment	hana	A*	keep-pending	confirmed
ululāʻau	ulu lāʻau	ulu#0	lāʻau	forest; thicket of trees	ulu	A*	keep	fix
uluwehi	uluwehi	ulu#0	wehi	lush growth	ulu	W	keep	
wahahewa	wahahewa	waha#0	hewa	wicked, false speech	naʻau	A*	keep-pending	confirmed
wahaheʻe	wahaheʻe	waha#0	heʻe#1	to lie; deceitful	naʻau	W+A	keep	
waiea	wai ea	wai#0	ea	ceremonial water at a heiau	naʻau	A*	keep-pending	fix
waihoʻoluʻu	waihoʻoluʻu	wai#0	hoʻoluʻu	dye; color	hana	W+A	keep	
waikai	wai kai	wai#0	kai	brackish water	kai	A*	keep-pending	confirmed
wailana	wailana	wai#0	lana#0	still, calm water	kai	A*	keep-pending	confirmed
wailele	wailele	wai#0	lele	waterfall	ʻāina	A*	keep	
waimaka	waimaka	wai#0	maka#0	tears	kanaka	W+A	keep	
waipaʻa	waipaʻa	wai#0	paʻa	ice; frozen water	ʻāina	A*	keep-pending	confirmed
waipiʻi	wai piʻi	wai#0	piʻi#0	flood; overflowing water	ʻāina	A*	keep-pending	confirmed
waipuna	wai puna	wai#0	puna#0	spring water	ʻāina	A*	keep	
waiua	wai ua	wai#0	ua	rainwater; water from the clouds	lani	A*	keep-pending	confirmed
waiū	waiū	wai#0	ū#0	milk	kanaka	W+A	keep	
waiʻele	waiʻele	wai#0	ʻele	dye for kapa	hana	A*	keep-pending	confirmed
waʻapā	waʻapā	waʻa	pā#plate	rowboat; skiff of boards	hana	A*	keep-pending	confirmed
wiliʻau	wiliau	wili	au	eddy; swirling motion	hele	A*	keep-pending	confirmed
ʻahakanaka	ʻahakanaka	ʻaha#0	kanaka	a great company, multitude	kanaka	A*	keep-pending	confirmed
ʻahamele	ʻaha mele	ʻaha#0	mele#0	concert	naʻau	W	keep	
ʻahaʻōlelo	ʻahaʻōlelo	ʻaha#0	ʻōlelo	council; legislature	kanaka	W+A	keep	
ʻahuao	ʻahuao	ʻahu	ao?ʻahuao	mat of young lauhala leaves	hana	A*	keep-pending	fix (ruling open)
ʻahuʻula	ʻahu ʻula	ʻahu	ʻula#0	feather cloak of high chiefs	hana	A*	keep	
ʻahāinu	ʻaha inu	ʻaha#0	inu	a gathering for drinking	ulu	A*	keep-pending	confirmed
ʻahālike	ʻahālike	ʻahā	like	square, four equal sides	hele	A*	keep-pending	confirmed
ʻahāʻaina	ʻahaʻaina	ʻaha#0	ʻaina#0	feast, banquet	ulu	A*	keep	
ʻaialo	ʻaialo	ʻai	alo	attendants of a chief	kanaka	A*	keep-pending	confirmed
ʻaikapu	ʻai kapu	ʻai	kapu#0	observing the sacred eating restrictions	naʻau	A*	keep	
ʻauinalā	ʻauinalā	ʻauina	lā#1	afternoon	hele	W	keep	
ʻauinapō	ʻauinapō	ʻauina	pō	late night	hele	W	keep-pending	confirmed
ʻaulike	ʻau like	ʻau#1	like	to swim abreast, evenly	hele	A*	keep-pending	fix
ʻaulima	ʻau lima	ʻau#0	lima	hand stick for making fire	hana	A*	keep	fix
ʻaumakua	ʻaumakua	ʻau?ʻaumakua	makua	family or personal god	naʻau	W	keep	
ʻaumoana	ʻaumoana	ʻau#group	moana#0	sailor; one long at sea	kai	A*	keep-pending	confirmed
ʻauwai	ʻauwai	ʻau?ʻauwai	wai#0	irrigation ditch; watercourse	ʻāina	W	keep-pending	confirmed
ʻaʻaniu	ʻaʻa niu	ʻaʻa#0	niu#0	clothlike sheath at coconut-frond base	ulu	A*	keep-pending	confirmed
ʻaʻapua	ʻaʻa pua	ʻaʻa#0	pua	quiver; arrow case	hana	A*	keep-pending	confirmed
ʻikepili	ʻikepili	ʻike	pili	data	naʻau	W	keep	
ʻilikai	ʻilikai	ʻili	kai	surface of the sea; sea level	kai	W	keep	
ʻililua	ʻili lua	ʻili	lua#0	new skin after healing; aged skin	kanaka	A*	keep-pending	confirmed
ʻohākulaʻi	ʻohākulaʻi	ʻohā	kulaʻi	break young taro from parent corm	ulu	A*	keep-pending	fix
ʻoihana	ʻoihana	ʻoi	hana#0	occupation, trade; department, office	hana	W+A	keep	
ʻualakahiki	ʻuala kahiki	ʻuala	kahiki#0	potato (the Irish potato)	ulu	A*	keep	
ʻukukapa	ʻuku kapa	ʻuku#0	kapa	body louse	kanaka	A*	keep-pending	confirmed
ʻukulele	ʻukulele	ʻuku#0	lele	ukulele, small four-stringed instrument	naʻau	W+A	keep	
ʻukupoʻo	ʻuku poʻo	ʻuku#0	poʻo	head louse	kanaka	A*	keep-pending	confirmed
ʻulukahiki	ʻulu kahiki	ʻulu	kahiki#0	foreign breadfruit tree	ulu	A*	keep-pending	confirmed
ʻōleloaʻo	ʻōlelo aʻo	ʻōlelo	aʻo	counsel, advice; teachings	naʻau	A*	keep-pending	confirmed
ʻōlelopaʻa	ʻōlelo paʻa	ʻōlelo	paʻa	a precept; a command	naʻau	A*	keep-pending	confirmed
ʻōpūao	ʻōpūao	ʻōpū	ao#0	wise-hearted, knowing, intelligent	naʻau	A*	keep-pending	confirmed
ʻōpūhue	ʻōpūhue	ʻōpū	hue	a round, flat calabash	hana	A*	keep-pending	fix (ruling open)
aheahe	aheahe	ahe	ahe	gentle breeze	lani		keep-pending	confirmed
akaaka	akaaka	aka#bright	aka#bright	clear, bright, luminous	lani		keep-pending	confirmed
aniani	aniani	ani	ani	cool; blowing softly	lani		keep-pending	confirmed
anuanu	anuanu	anu	anu	cold, chilly	lani		keep	
auau	auau	au	au	hasten, move swiftly	hele		keep-pending	confirmed
hakahaka	hakahaka	haka#1	haka#1	empty space, gap, vacancy	ʻāina		keep	
hakuhaku	hakuhaku	haku#1	haku#1	lumpy, full of hard lumps	ʻāina		keep	
halahala	halahala	hala#0	hala#0	fault-finding, criticism	naʻau		keep	
hanahana	hanahana	hana#1	hana#1	hot, warm; heated	lani		keep-pending	confirmed
hanohano	hanohano	hano#0	hano#0	honored, dignified; glory	naʻau		keep-pending	confirmed
hauhau	hauhau	hau#0	hau#0	cold (of food)	ulu		keep-pending	confirmed
haʻahaʻa	haʻahaʻa	haʻa	haʻa	low; humble, modest	naʻau		keep	
haʻihaʻi	haʻihaʻi	haʻi	haʻi	brittle; to break in pieces	hana		keep-pending	confirmed
heahea	heahea	hea#0	hea#0	to call in, welcome; hospitable	naʻau		keep	
heluhelu	heluhelu	helu#0	helu#0	to read; to count	naʻau		keep-pending	confirmed
hemahema	hemahema	hema	hema	awkward, clumsy; unskilled	hana		keep-pending	confirmed
henehene	henehene	hene	hene	to tease, laugh at	naʻau		keep	
hinahina	hinahina	hina#0	hina#0	a Pacific heliotrope; grayish	ulu		keep-pending	confirmed
hinuhinu	hinuhinu	hinu	hinu	bright, glossy, shining	lani		keep	
hiʻuhiʻu	hiʻuhiʻu	hiʻu	hiʻu	loose ends left after plaiting	hana		keep-pending	confirmed
hoehoe	hoehoe	hoe	hoe	to paddle, as a canoe	hana		keep	
holoholo	holoholo	holo#0	holo#0	to go out walking, riding, sailing	hele		keep	
hopohopo	hopohopo	hopo	hopo	anxious, fearful; anxiety	naʻau		keep-pending	confirmed
hoʻihoʻi	hoʻihoʻi	hoʻi	hoʻi	to return, bring back, restore	hele		keep	
huihui	huihui	hui	hui	mixed, mingled; a cluster	kanaka		keep	
hulihuli	hulihuli	huli#0	huli#0	to turn over and over	hele		keep	
huluhulu	huluhulu	hulu#0	hulu#0	fleece, wool; hairy, downy	hana		keep	
humuhumu	humuhumu	humu	humu	to sew, stitch together	hana		keep-pending	confirmed
hunahuna	hunahuna	huna#0	huna#0	crumbs, particles, scraps	ʻāina		keep	
huʻahuʻa	huʻahuʻa	huʻa	huʻa	foam, froth	kai		keep	
huʻihuʻi	huʻihuʻi	huʻi#cold	huʻi#cold	cold, chilly	lani		keep-pending	confirmed
hāhā	hāhā	hā#2	hā#2	native lobelias; Gunnera plants	ulu		keep-pending	confirmed
iheihe	iheihe	ihe#fish	ihe#fish	halfbeak, a fish	kai		keep-pending	confirmed
ihoiho	ihoiho	iho#0	iho#0	heartwood, core of a tree	ulu		keep	confirmed
ikaika	ikaika	ika	ika	strong; strength	kanaka		keep-pending	confirmed
kahakaha	kahakaha	kaha#0	kaha#0	to draw lines; engrave; striped	hana		keep	
kalakala	kalakala	kala#0	kala#0	thorny, rough, craggy	ʻāina		keep	
kaukau	kaukau	kau#2	kau#2	to counsel, reason with	naʻau		keep-pending	confirmed
kaʻikaʻi	kaʻikaʻi	kaʻi	kaʻi	to lift up, carry, lead	hele		keep	
keʻokeʻo	keʻokeʻo	keʻo	keʻo	white	lani		keep-pending	confirmed
kihikihi	kihikihi	kihi	kihi	angular, full of corners	hana		keep-pending	confirmed
kikokiko	kikokiko	kiko	kiko	dotted, spotted, speckled	lani		keep	
kilakila	kilakila	kila#0	kila#0	majestic, imposing	ʻāina		keep	
kiʻekiʻe	kiʻekiʻe	kiʻe	kiʻe	high, lofty; height	ʻāina		keep	
kolokolo	kolokolo	kolo	kolo	any creeping vine	ulu		keep	
konakona	konakona	kona#1	kona#1	rough, uneven; muscular	ʻāina		keep-pending	confirmed
konākonā	konākonā	konā	konā	dislike, contempt	naʻau		keep	
koʻokoʻo	koʻokoʻo	koʻo	koʻo	cane, staff; support, prop	hana		keep	
kupukupu	kupukupu	kupu	kupu	to surge forth; sword fern	ulu		keep	
kuʻukuʻu	kuʻukuʻu	kuʻu	kuʻu	to lower bit by bit	hele		keep-pending	confirmed
kōkō	kōkō	kō#1	kō#1	to fulfill; to be pregnant	kanaka		keep-pending	fix
kūkākūkā	kūkākūkā	kūkā	kūkā	to discuss, consult together	naʻau		keep	
lahalaha	lahalaha	laha	laha	spread over, as brooding wings	ulu		keep-pending	confirmed
lahilahi	lahilahi	lahi	lahi	thin, delicate; thinness	hana		keep	
lamalama	lamalama	lama#0	lama#0	torch fishing; glowing	kai		keep	
laulau	laulau	lau#0	lau#0	food bundle wrapped in leaves	ulu		keep-pending	confirmed
lehulehu	lehulehu	lehu#number	lehu#number	multitude, crowd; the public	kanaka		keep-pending	confirmed
lenalena	lenalena	lena	lena	orange-yellow, yellow	lani		keep	
leoleo	leoleo	leo	leo	to speak loudly	naʻau		keep	
lihilihi	lihilihi	lihi	lihi	eyelashes; eyelids	kanaka		keep-pending	confirmed
likiliki	likiliki	liki	liki	tight; tied on tightly	hana		keep-pending	confirmed
limalima	limalima	lima	lima	to handle, work with the hands	hana		keep	
linolino	linolino	lino	lino	calm, unruffled; bright	naʻau		keep-pending	confirmed
liʻiliʻi	liʻiliʻi	liʻi#0	liʻi#0	small, little; few	hele		keep	
lohelohe	lohelohe	lohe	lohe	to hear often, repeatedly	naʻau		keep-pending	fix
makamaka	makamaka	maka#0	maka#0	buds, as on a taro corm	ulu		keep-pending	fix
manamana	manamana	mana#1	mana#1	fingers, toes; branches	kanaka		keep	
maʻamaʻa	maʻamaʻa	maʻa	maʻa	accustomed, experienced	naʻau		keep	
maʻomaʻo	maʻomaʻo	maʻo#0	maʻo#0	green, greenness	ulu		keep	
mehameha	mehameha	meha	meha	loneliness, solitude	naʻau		keep-pending	confirmed
melemele	melemele	mele#1	mele#1	yellow, light yellow	lani		keep	
mikomiko	mikomiko	miko	miko	lightly salted; savoury	ulu		keep	
milimili	milimili	mili	mili	examine admiringly; a cherished favourite	naʻau		keep-pending	confirmed
mūmū	mūmū	mū#4	mū#4	to be silent; to hum	naʻau		keep-pending	fix
nahenahe	nahenahe	nahe	nahe	soft, gentle; sweet-sounding	naʻau		keep-pending	confirmed
naunau	naunau	nau	nau	to chew, munch	kanaka		keep-pending	fix
nihoniho	nihoniho	niho	niho	toothed, notched, serrated	hana		keep	
noʻonoʻo	noʻonoʻo	noʻo	noʻo	to think, reflect; thought	naʻau		keep-pending	confirmed
nūnū	nūnū	nū	nū	pigeon, dove	lani		keep-pending	confirmed
okaoka	okaoka	oka	oka	bits, particles; dust	ʻāina		keep	
paepae	paepae	pae#1	pae#1	platform, pavement; prop, support	hana		keep	
pakapaka	pakapaka	paka#4	paka#4	patter of heavy raindrops	lani		keep-pending	confirmed
panepane	panepane	pane	pane	to talk back	naʻau		keep	
pekapeka	pekapeka	peka	peka	to tattle; tattler	naʻau		keep-pending	fix
pekupeku	pekupeku	peku	peku	to kick again and again	hele		keep	unconfirmed
pilipili	pilipili	pili	pili	clinging, sticking close; connected	kanaka		keep-pending	confirmed
piopio	piopio	pio#2	pio#2	chick; call for chickens	lani		keep-pending	confirmed
poepoe	poepoe	poe#0	poe#0	round; a sphere, globe	hele		keep	
ponopono	ponopono	pono	pono	neat, tidy, in order	naʻau		keep	
pulepule	pulepule	pule#1	pule#1	spotted, speckled	lani		keep	
punipuni	punipuni	puni#1	puni#1	to lie, tell falsehoods	naʻau		keep	
puʻupuʻu	puʻupuʻu	puʻu	puʻu	lumpy; heaped up	ʻāina		keep	
pūpū	pūpū	pū#1	pū#1	shells; shell beads	kai		keep	
uhiuhi	uhiuhi	uhi#1	uhi#1	cover over, as a makeshift	hana		keep-pending	fix
uliuli	uliuli	uli#0	uli#0	dark colour: blue, green, black	lani		keep	
waiwai	waiwai	wai#1	wai#1	goods, wealth; to be rich	hana		keep-pending	confirmed
wanawana	wanawana	wana	wana	spiny, thorny	kai		keep	
wehewehe	wehewehe	wehe	wehe	explain; open up, pull apart	naʻau		keep	
weluwelu	weluwelu	welu	welu	torn to shreds, ragged	hana		keep-pending	confirmed
wikiwiki	wikiwiki	wiki	wiki	quick, speedy; to hurry	hele		keep	
wiliwili	wiliwili	wili	wili	stir round; whirl about	hele		keep-pending	confirmed
wīwī	wīwī	wī#famine	wī#famine	thin, slender	kanaka		keep-pending	confirmed
ʻahaʻaha	ʻahaʻaha	ʻaha#1	ʻaha#1	cordage	hana		keep	
ʻakaʻaka	ʻakaʻaka	ʻaka	ʻaka	laughter; to laugh	naʻau		keep	
ʻakiʻaki	ʻakiʻaki	ʻaki#0	ʻaki#0	nibble, snap again and again	kai		keep	
ʻaleʻale	ʻaleʻale	ʻale	ʻale	rippling, stirring, as water	kai		keep	
ʻaloʻalo	ʻaloʻalo	ʻalo	ʻalo	dodge again and again	hele		keep	
ʻaluʻalu	ʻaluʻalu	ʻalu	ʻalu	loose, slack; wrinkled	kanaka		keep	
ʻapeʻape	ʻapeʻape	ʻape	ʻape	Gunnera, a giant-leafed plant	ulu		keep	
ʻauʻau	ʻauʻau	ʻau#1	ʻau#1	to bathe; to swim	kai		keep-pending	confirmed
ʻawaʻawa	ʻawaʻawa	ʻawa#bitter	ʻawa#bitter	sour, bitter	ulu		keep	
ʻehaʻeha	ʻehaʻeha	ʻeha	ʻeha	great pain; sorrow	kanaka		keep	
ʻekeʻeke	ʻekeʻeke	ʻeke#cringe	ʻeke#cringe	fussy, over-exacting	naʻau		keep-pending	confirmed
ʻeleʻele	ʻeleʻele	ʻele	ʻele	black, dark	lani		keep	
ʻieʻie	ʻieʻie	ʻie	ʻie	a woody climbing vine (Freycinetia)	ulu		keep-pending	confirmed
ʻikeʻike	ʻikeʻike	ʻike	ʻike	to see, to perceive	naʻau		keep-pending	confirmed
ʻimoʻimo	ʻimoʻimo	ʻimo	ʻimo	to twinkle, as stars	lani		keep-pending	confirmed
ʻinoʻino	ʻinoʻino	ʻino	ʻino	spoiled, broken, damaged	naʻau		keep	
ʻiwaʻiwa	ʻiwaʻiwa	ʻiwa#fern	ʻiwa#fern	maidenhair fern	ulu		keep-pending	confirmed
ʻoheʻohe	ʻoheʻohe	ʻohe	ʻohe	a tall native tree	ulu		keep-pending	confirmed
ʻoliʻoli	ʻoliʻoli	ʻoli	ʻoli	joy, delight; joyful	naʻau		keep	
ʻoluʻolu	ʻoluʻolu	ʻolu	ʻolu	pleasant, nice; comfortable	naʻau		keep-pending	confirmed
ʻonaʻona	ʻonaʻona	ʻona	ʻona	dizzy, faint	kanaka		keep-pending	confirmed
ʻoniʻoni	ʻoniʻoni	ʻoni	ʻoni	move back and forth; wiggle	hele		keep-pending	confirmed
ʻopiʻopi	ʻopiʻopi	ʻopi	ʻopi	to fold, as cloth	hana		keep	
ʻukiʻuki	ʻukiʻuki	ʻuki	ʻuki	a native flax lily (Dianella)	ulu		keep-pending	confirmed
ʻulaʻula	ʻulaʻula	ʻula#0	ʻula#0	red, reddish	lani		keep	
ʻēʻē	ʻēʻē	ʻē#1	ʻē#1	peculiar; contrary, opposite	naʻau		keep	
ʻōʻō	ʻōʻō	ʻō#0	ʻō#0	digging stick	hana		keep	
