lex	words	deg1	deg5	core2	giant2	core2deg5	collide	collide2	linkAuto
jukugo	1649	1647	1539	1637	1637	1539	0.0039	0.0039	11.50
realistic-128	128	97	18	52	39	11	0.0101	0.0355	7.48
realistic-175	175	143	39	92	83	36	0.0087	0.0210	9.71
realistic-225	225	195	70	149	140	67	0.0078	0.0132	11.50
realistic-300	300	273	141	224	210	140	0.0078	0.0118	11.50
realistic-400	400	372	210	322	316	209	0.0069	0.0095	11.50
realistic-500	500	477	299	421	415	296	0.0065	0.0085	11.50
realistic-650	650	628	413	576	570	410	0.0058	0.0070	11.50
realistic-905	905	887	669	834	834	667	0.0054	0.0062	11.50
random-128	128	97	18	52	39	11	0.0101	0.0355	7.48
random-175	175	137	35	81	55	33	0.0085	0.0249	8.92
random-225	225	188	52	127	106	47	0.0074	0.0160	11.15
random-300	300	255	90	189	157	82	0.0066	0.0126	11.50
random-400	400	362	177	295	281	166	0.0061	0.0092	11.50
random-500	500	474	260	397	394	257	0.0058	0.0082	11.50
random-650	650	630	394	566	560	388	0.0055	0.0068	11.50
random-905	905	887	669	834	834	667	0.0054	0.0062	11.50
best-128	128	97	18	52	39	11	0.0101	0.0355	7.48
best-175	175	148	72	105	105	70	0.0226	0.0538	6.50
best-225	225	200	132	170	170	130	0.0218	0.0350	7.53
best-300	300	279	222	252	252	221	0.0184	0.0247	8.96
best-400	400	385	330	362	362	329	0.0137	0.0160	11.13
best-500	500	489	432	474	474	430	0.0114	0.0124	11.50
best-650	650	647	582	629	629	580	0.0086	0.0090	11.50
best-905	905	887	669	834	834	667	0.0054	0.0062	11.50
